"ID","Localized Name"
"actuallyadditions:blockAtomicReconstructor","Atomic Reconstructor"
"actuallyadditions:blockBioReactor","Bio Reactor"
"actuallyadditions:blockBlackLotus","Black Lotus"
"actuallyadditions:blockBreaker","Auto-Breaker"
"actuallyadditions:blockCanola","Canola Plant"
"actuallyadditions:blockCanolaOil","Canola Oil"
"actuallyadditions:blockCanolaPress","Canola Press"
"actuallyadditions:blockChiseledQuartzSlab","Chiseled Black Quartz Slab"
"actuallyadditions:blockChiseledQuartzStair","Chiseled Black Quartz Stairs"
"actuallyadditions:blockChiseledQuartzWall","Chiseled Black Quartz Wall"
"actuallyadditions:blockCoalGenerator","Coal Generator"
"actuallyadditions:blockCoffee","Coffee Plant"
"actuallyadditions:blockCoffeeMachine","Coffee Maker"
"actuallyadditions:blockColoredLamp","tile.actuallyadditions.blockColoredLamp.name"
"actuallyadditions:blockColoredLampOn","tile.actuallyadditions.blockColoredLampOn.name"
"actuallyadditions:blockCompost","Compost"
"actuallyadditions:blockCrystal","tile.actuallyadditions.blockCrystal.name"
"actuallyadditions:blockCrystalEmpowered","tile.actuallyadditions.blockCrystalEmpowered.name"
"actuallyadditions:blockCrystalOil","Crystallized Oil"
"actuallyadditions:blockDirectionalBreaker","Long-Range Breaker"
"actuallyadditions:blockDisplayStand","Display Stand"
"actuallyadditions:blockDropper","Automatic Precision Dropper"
"actuallyadditions:blockEmpoweredOil","Empowered Oil"
"actuallyadditions:blockEmpowerer","Empowerer"
"actuallyadditions:blockEnergizer","Energizer"
"actuallyadditions:blockEnervator","Enervator"
"actuallyadditions:blockFarmer","Farmer"
"actuallyadditions:blockFeeder","Automatic Feeder"
"actuallyadditions:blockFermentingBarrel","Fermenting Barrel"
"actuallyadditions:blockFireworkBox","Firework Box"
"actuallyadditions:blockFishingNet","Fishing Net"
"actuallyadditions:blockFlax","Flax Plant"
"actuallyadditions:blockFluidCollector","Fluid Collector"
"actuallyadditions:blockFluidPlacer","Fluid Placer"
"actuallyadditions:blockFurnaceDouble","Powered Furnace"
"actuallyadditions:blockFurnaceSolar","Solar Panel"
"actuallyadditions:blockGiantChest","Small Storage Crate"
"actuallyadditions:blockGiantChestLarge","Large Storage Crate"
"actuallyadditions:blockGiantChestMedium","Medium Storage Crate"
"actuallyadditions:blockGreenhouseGlass","Greenhouse Glass"
"actuallyadditions:blockGrinder","Crusher"
"actuallyadditions:blockGrinderDouble","Double Crusher"
"actuallyadditions:blockHeatCollector","Heat Collector"
"actuallyadditions:blockInputter","ESD"
"actuallyadditions:blockInputterAdvanced","Advanced ESD"
"actuallyadditions:blockItemRepairer","Item Repairer"
"actuallyadditions:blockItemViewer","Item Interface"
"actuallyadditions:blockLampPowerer","Lamp Controller"
"actuallyadditions:blockLaserRelay","Energy Laser Relay"
"actuallyadditions:blockLaserRelayAdvanced","Advanced Energy Laser Relay"
"actuallyadditions:blockLaserRelayExtreme","Extreme Energy Laser Relay"
"actuallyadditions:blockLaserRelayFluids","Fluid Laser Relay"
"actuallyadditions:blockLaserRelayItem","Item Laser Relay"
"actuallyadditions:blockLaserRelayItemWhitelist","Advanced Item Laser Relay"
"actuallyadditions:blockLavaFactoryController","Lava Factory Controller"
"actuallyadditions:blockLeafGenerator","Leaf-Eating Generator"
"actuallyadditions:blockMiner","Vertical Digger"
"actuallyadditions:blockMisc","tile.actuallyadditions.blockMisc.name"
"actuallyadditions:blockOil","Oil"
"actuallyadditions:blockOilGenerator","Oil Generator"
"actuallyadditions:blockPhantomBooster","Phantom Booster"
"actuallyadditions:blockPhantomBreaker","Phantom Breaker"
"actuallyadditions:blockPhantomEnergyface","Phantom Energyface"
"actuallyadditions:blockPhantomLiquiface","Phantom Liquiface"
"actuallyadditions:blockPhantomPlacer","Phantom Placer"
"actuallyadditions:blockPhantomRedstoneface","Phantom Redstoneface"
"actuallyadditions:blockPhantomface","Phantomface"
"actuallyadditions:blockPillarQuartzSlab","Black Quartz Pillar Slab"
"actuallyadditions:blockPillarQuartzStair","Black Quartz Pillar Stairs"
"actuallyadditions:blockPillarQuartzWall","Black Quartz Pillar Wall"
"actuallyadditions:blockPlacer","Auto-Placer"
"actuallyadditions:blockPlayerInterface","Player Interface"
"actuallyadditions:blockQuartzSlab","Black Quartz Slab"
"actuallyadditions:blockQuartzStair","Black Quartz Stairs"
"actuallyadditions:blockQuartzWall","Black Quartz Wall"
"actuallyadditions:blockRangedCollector","Ranged Collector"
"actuallyadditions:blockRice","Rice Plant"
"actuallyadditions:blockShockSuppressor","Shock Absorber"
"actuallyadditions:blockSmileyCloud","Smiley Cloud"
"actuallyadditions:blockTestifiBucksGreenFence","Ethetic Green Wall"
"actuallyadditions:blockTestifiBucksGreenSlab","Ethetic Green Slab"
"actuallyadditions:blockTestifiBucksGreenStairs","Ethetic Green Stairs"
"actuallyadditions:blockTestifiBucksGreenWall","Ethetic Green Block"
"actuallyadditions:blockTestifiBucksWhiteFence","Ethetic Quartz Wall"
"actuallyadditions:blockTestifiBucksWhiteSlab","Ethetic Quartz Slab"
"actuallyadditions:blockTestifiBucksWhiteStairs","Ethetic Quartz Stairs"
"actuallyadditions:blockTestifiBucksWhiteWall","Ethetic Quartz"
"actuallyadditions:blockTinyTorch","Tiny Torch"
"actuallyadditions:blockTreasureChest","Treasure Chest"
"actuallyadditions:blockWild","tile.actuallyadditions.blockWild.name"
"actuallyadditions:blockXPSolidifier","Experience Solidifier"
"advancedrocketry:advRocketmotor","Advanced Rocket Engine"
"advancedrocketry:airlock_door","item.smallAirlockDoor.name"
"advancedrocketry:alienLeaves","Lightwood Leaves"
"advancedrocketry:alienSapling","Lightwood Sapling"
"advancedrocketry:alienWood","Wood"
"advancedrocketry:altitudeController","Altitude Controller"
"advancedrocketry:arcFurnace","Electric Arc Furnace"
"advancedrocketry:astroBed","tile.astroBed.name"
"advancedrocketry:beacon","Beacon"
"advancedrocketry:biomeScanner","Biome Scanner"
"advancedrocketry:blastBrick","HeatProof Brick"
"advancedrocketry:blockLens","Lens"
"advancedrocketry:charcoalLog","Charcoal Log"
"advancedrocketry:chemicalReactor","Chemical Reactor"
"advancedrocketry:circleLight","Station Light"
"advancedrocketry:concrete","Concrete"
"advancedrocketry:crystal","tile.crystal.name"
"advancedrocketry:crystallizer","Crystallizer"
"advancedrocketry:cuttingMachine","Cutting Machine"
"advancedrocketry:dataPipe","Data Cable"
"advancedrocketry:deployableRocketBuilder","Unmanned Vehicle Assembler"
"advancedrocketry:drill","Drill"
"advancedrocketry:electricMushroom","Electric Mushroom"
"advancedrocketry:electrolyser","Electrolyser"
"advancedrocketry:energyPipe","Energy Pipe"
"advancedrocketry:forceField","Force Field"
"advancedrocketry:forceFieldProjector","Force Field Projector"
"advancedrocketry:fuelTank","Liquid Fuel Tank"
"advancedrocketry:fuelingStation","Fueling station"
"advancedrocketry:geode","Geode Block"
"advancedrocketry:gravityController","Gravity Controller"
"advancedrocketry:gravityMachine","Gravity Controller"
"advancedrocketry:guidanceComputer","Guidance Computer"
"advancedrocketry:hotTurf","Oxidized Ferric Sand"
"advancedrocketry:hydrogenFluid","Hydrogen"
"advancedrocketry:intake","Gas Intake"
"advancedrocketry:landingPad","Docking Pad"
"advancedrocketry:lathe","Lathe"
"advancedrocketry:launchpad","Launch Pad"
"advancedrocketry:lightSource","tile.lightSource.name"
"advancedrocketry:liquidPipe","Liquid Pipe"
"advancedrocketry:liquidTank","Pressurized Tank"
"advancedrocketry:loader","tile.loader.name"
"advancedrocketry:metal0","tile.metal.name"
"advancedrocketry:microwaveReciever","Microwave Reciever"
"advancedrocketry:monitoringStation","Rocket Monitoring Station"
"advancedrocketry:moonTurf","Moon Turf"
"advancedrocketry:nitrogenFluid","Nitrogen"
"advancedrocketry:observatory","Observatory"
"advancedrocketry:orientationController","Orientation Controller"
"advancedrocketry:oxygenCharger","Gas Charge Pad"
"advancedrocketry:oxygenDetection","Atmosphere Detector"
"advancedrocketry:oxygenFluid","Oxygen"
"advancedrocketry:oxygenScrubber","CO2 Scrubber"
"advancedrocketry:oxygenVent","Oxygen Vent"
"advancedrocketry:pipeSealer","Pipe Seal"
"advancedrocketry:planetAnalyser","Astrobody Data processor"
"advancedrocketry:planetHoloSelector","Holographic Planet Selector"
"advancedrocketry:planetSelector","Planet Selector"
"advancedrocketry:planks","Lightwood planks"
"advancedrocketry:platePress","Small Plate Presser"
"advancedrocketry:precisionassemblingmachine","Precision Assembler"
"advancedrocketry:quartzcrucible","Quartz Crucible"
"advancedrocketry:railgun","Railgun"
"advancedrocketry:rocketBuilder","Rocket Assembling Machine"
"advancedrocketry:rocketFuel","Rocket Fuel"
"advancedrocketry:rocketmotor","Liquid Fueled Engine"
"advancedrocketry:rollingMachine","Rolling Machine"
"advancedrocketry:satelliteBuilder","Satellite Builder"
"advancedrocketry:satelliteControlCenter","Satellite Terminal"
"advancedrocketry:sawBlade","Saw Blade Assembly"
"advancedrocketry:seat","Seat"
"advancedrocketry:solarGenerator","Solar Generator"
"advancedrocketry:solarPanel","Solar Panel"
"advancedrocketry:spaceElevatorController","Space Elevator"
"advancedrocketry:spaceLaser","Orbital Laser Drill"
"advancedrocketry:stationBuilder","Space Station Assembler"
"advancedrocketry:stationMarker","Station Docking Port"
"advancedrocketry:structureTower","Structure Tower"
"advancedrocketry:suitWorkStation","Suit Workstation"
"advancedrocketry:terraformer","Atmosphere Terraformer"
"advancedrocketry:unlitTorch","Extinguished Torch"
"advancedrocketry:vitrifiedSand","Vitrified Sand"
"advancedrocketry:warpCore","Warp Core"
"advancedrocketry:warpMonitor","Warp Controller"
"betterquesting:submit_station","Object Submission Station (OSS)"
"bibliocraft:ArmorStand","tile.BiblioCraft:ArmorStand.name"
"bibliocraft:Bell","Desk Bell"
"bibliocraft:Bookcase","tile.BiblioCraft:Bookcase.name"
"bibliocraft:BookcaseCreative","tile.BiblioCraft:BookcaseCreative.name"
"bibliocraft:Case","tile.BiblioCraft:Case.name"
"bibliocraft:Clipboard","tile.BiblioCraft:Clipboard.name"
"bibliocraft:Clock","tile.BiblioCraft:Clock.name"
"bibliocraft:CookieJar","Cookie Jar"
"bibliocraft:Desk","tile.BiblioCraft:Desk.name"
"bibliocraft:DinnerPlate","Dinner Plate"
"bibliocraft:DiscRack","Disc Rack"
"bibliocraft:FancySign","tile.BiblioCraft:FancySign.name"
"bibliocraft:FancyWorkbench","tile.BiblioCraft:FancyWorkbench.name"
"bibliocraft:FramedChest","tile.BiblioCraft:FramedChest.name"
"bibliocraft:FurniturePaneler","tile.BiblioCraft:FurniturePaneler.name"
"bibliocraft:Label","tile.BiblioCraft:Label.name"
"bibliocraft:LampGold","tile.BiblioCraft:LampGold.name"
"bibliocraft:LampIron","tile.BiblioCraft:LampIron.name"
"bibliocraft:LanternGold","tile.BiblioCraft:LanternGold.name"
"bibliocraft:LanternIron","tile.BiblioCraft:LanternIron.name"
"bibliocraft:MapFrame","tile.BiblioCraft:MapFrame.name"
"bibliocraft:MarkerPole","tile.BiblioCraft:MarkerPole.name"
"bibliocraft:PaintingFrameBorderless","tile.BiblioCraft:PaintingFrameBorderless.name"
"bibliocraft:PaintingFrameFancy","tile.BiblioCraft:PaintingFrameFancy.name"
"bibliocraft:PaintingFrameFlat","tile.BiblioCraft:PaintingFrameFlat.name"
"bibliocraft:PaintingFrameMiddle","tile.BiblioCraft:PaintingFrameMiddle.name"
"bibliocraft:PaintingFrameSimple","tile.BiblioCraft:PaintingFrameSimple.name"
"bibliocraft:PaintingPress","Painting Press"
"bibliocraft:PotionShelf","tile.BiblioCraft:PotionShelf.name"
"bibliocraft:PrintingPress","Printing Press"
"bibliocraft:Seat","tile.BiblioCraft:Seat.name"
"bibliocraft:Shelf","tile.BiblioCraft:Shelf.name"
"bibliocraft:SwordPedestal","tile.BiblioCraft:SwordPedestal.name"
"bibliocraft:Table","tile.BiblioCraft:Table.name"
"bibliocraft:ToolRack","tile.BiblioCraft:ToolRack.name"
"bibliocraft:TypesettingTable","Typesetting Table"
"bibliocraft:Typewriter","tile.BiblioCraft:Typewriter.name"
"bq_rf:rf_station","RF Submission Station (RFSS)"
"chisel:andesite","Andesite"
"chisel:andesite1","Andesite"
"chisel:andesite2","Andesite"
"chisel:antiblock","Antiblock"
"chisel:auto_chisel","Auto Chisel"
"chisel:basalt","Basalt"
"chisel:basalt1","Basalt"
"chisel:basaltextra","Basalt"
"chisel:blockAluminum","Block of Aluminum"
"chisel:blockBronze","Block of Bronze"
"chisel:blockCobalt","Block of Cobalt"
"chisel:blockCopper","Block of Copper"
"chisel:blockElectrum","Block of Electrum"
"chisel:blockGold","Block of Gold"
"chisel:blockInvar","Block of Invar"
"chisel:blockIron","Block of Iron"
"chisel:blockLead","Block of Lead"
"chisel:blockNickel","Block of Nickel"
"chisel:blockPlatinum","Block of Platinum"
"chisel:blockSilver","Block of Silver"
"chisel:blockSteel","Block of Steel"
"chisel:blockTin","Block of Tin"
"chisel:blockUranium","Block of Uranium"
"chisel:block_charcoal","Block of Charcoal"
"chisel:block_charcoal1","Block of Charcoal"
"chisel:block_charcoal2","Block of Charcoal"
"chisel:block_coal","Block of Coal"
"chisel:block_coal1","Block of Coal"
"chisel:block_coal2","Block of Coal"
"chisel:block_coal_coke","Block of Coal Coke"
"chisel:block_coal_coke1","Block of Coal Coke"
"chisel:block_coal_coke2","Block of Coal Coke"
"chisel:bloodMagic","Chiseled Blood Rune"
"chisel:bookshelf_acacia","Acacia Bookshelf"
"chisel:bookshelf_birch","Birch Bookshelf"
"chisel:bookshelf_darkoak","Dark Oak Bookshelf"
"chisel:bookshelf_jungle","Jungle Bookshelf"
"chisel:bookshelf_oak","Oak Bookshelf"
"chisel:bookshelf_spruce","Spruce Bookshelf"
"chisel:bricks","Bricks"
"chisel:bricks1","Bricks"
"chisel:bricksextra","Bricks"
"chisel:brownstone","Brownstone"
"chisel:carpet_black","Black Wool"
"chisel:carpet_blue","Blue Wool"
"chisel:carpet_brown","Brown Wool"
"chisel:carpet_cyan","Cyan Wool"
"chisel:carpet_gray","Gray Wool"
"chisel:carpet_green","Green Wool"
"chisel:carpet_lightblue","Light Blue Wool"
"chisel:carpet_lightgray","Light Gray Wool"
"chisel:carpet_lime","Lime Wool"
"chisel:carpet_magenta","Magenta Wool"
"chisel:carpet_orange","Orange Wool"
"chisel:carpet_pink","Pink Wool"
"chisel:carpet_purple","Purple Wool"
"chisel:carpet_red","Red Wool"
"chisel:carpet_white","Wool"
"chisel:carpet_yellow","Yellow Wool"
"chisel:cloud","Cloud"
"chisel:cobblestone","Cobblestone"
"chisel:cobblestone1","Cobblestone"
"chisel:cobblestoneextra","Cobblestone"
"chisel:cobblestonemossy","Mossy Cobblestone"
"chisel:cobblestonemossy1","Mossy Cobblestone"
"chisel:cobblestonemossy2","Mossy Cobblestone"
"chisel:concrete","Concrete"
"chisel:concrete_black","Black Concrete"
"chisel:concrete_black1","Black Concrete"
"chisel:concrete_black2","Black Concrete"
"chisel:concrete_blue","Blue Concrete"
"chisel:concrete_blue1","Blue Concrete"
"chisel:concrete_blue2","Blue Concrete"
"chisel:concrete_brown","Brown Concrete"
"chisel:concrete_brown1","Brown Concrete"
"chisel:concrete_brown2","Brown Concrete"
"chisel:concrete_cyan","Cyan Concrete"
"chisel:concrete_cyan1","Cyan Concrete"
"chisel:concrete_cyan2","Cyan Concrete"
"chisel:concrete_gray","Gray Concrete"
"chisel:concrete_gray1","Gray Concrete"
"chisel:concrete_gray2","Gray Concrete"
"chisel:concrete_green","Green Concrete"
"chisel:concrete_green1","Green Concrete"
"chisel:concrete_green2","Green Concrete"
"chisel:concrete_lightblue","Light Blue Concrete"
"chisel:concrete_lightblue1","Light Blue Concrete"
"chisel:concrete_lightblue2","Light Blue Concrete"
"chisel:concrete_lightgray","Light Gray Concrete"
"chisel:concrete_lightgray1","Light Gray Concrete"
"chisel:concrete_lightgray2","Light Gray Concrete"
"chisel:concrete_lime","Lime Concrete"
"chisel:concrete_lime1","Lime Concrete"
"chisel:concrete_lime2","Lime Concrete"
"chisel:concrete_magenta","Magenta Concrete"
"chisel:concrete_magenta1","Magenta Concrete"
"chisel:concrete_magenta2","Magenta Concrete"
"chisel:concrete_orange","Orange Concrete"
"chisel:concrete_orange1","Orange Concrete"
"chisel:concrete_orange2","Orange Concrete"
"chisel:concrete_pink","Pink Concrete"
"chisel:concrete_pink1","Pink Concrete"
"chisel:concrete_pink2","Pink Concrete"
"chisel:concrete_powder","Concrete Powder"
"chisel:concrete_purple","Purple Concrete"
"chisel:concrete_purple1","Purple Concrete"
"chisel:concrete_purple2","Purple Concrete"
"chisel:concrete_red","Red Concrete"
"chisel:concrete_red1","Red Concrete"
"chisel:concrete_red2","Red Concrete"
"chisel:concrete_white","White Concrete"
"chisel:concrete_white1","White Concrete"
"chisel:concrete_white2","White Concrete"
"chisel:concrete_yellow","Yellow Concrete"
"chisel:concrete_yellow1","Yellow Concrete"
"chisel:concrete_yellow2","Yellow Concrete"
"chisel:diamond","Block of Diamond"
"chisel:diorite","Diorite"
"chisel:diorite1","Diorite"
"chisel:diorite2","Diorite"
"chisel:dirt","Dirt"
"chisel:emerald","Block of Emerald"
"chisel:endstone","Endstone"
"chisel:endstone1","Endstone"
"chisel:endstoneextra","Endstone"
"chisel:energizedVoidstone","Primal Voidstone"
"chisel:factory","Factory Block"
"chisel:factory1","Factory Block"
"chisel:futura","Futura Block"
"chisel:glass","Glass"
"chisel:glassdyedblack","Black Stained Glass"
"chisel:glassdyedblue","Blue Stained Glass"
"chisel:glassdyedbrown","Brown Stained Glass"
"chisel:glassdyedcyan","Cyan Stained Glass"
"chisel:glassdyedgray","Gray Stained Glass"
"chisel:glassdyedgreen","Green Stained Glass"
"chisel:glassdyedlightblue","Light Blue Stained Glass"
"chisel:glassdyedlightgray","Light Gray Stained Glass"
"chisel:glassdyedlime","Lime Stained Glass"
"chisel:glassdyedmagenta","Magenta Stained Glass"
"chisel:glassdyedorange","Orange Stained Glass"
"chisel:glassdyedpink","Pink Stained Glass"
"chisel:glassdyedpurple","Purple Stained Glass"
"chisel:glassdyedred","Red Stained Glass"
"chisel:glassdyedwhite","White Stained Glass"
"chisel:glassdyedyellow","Yellow Stained Glass"
"chisel:glowstone","Glowstone"
"chisel:glowstone1","Glowstone"
"chisel:glowstone2","Glowstone"
"chisel:gold","Block of Gold"
"chisel:granite","Granite"
"chisel:granite1","Granite"
"chisel:granite2","Granite"
"chisel:hardenedclay","Hardened Clay"
"chisel:hardenedclay1","Hardened Clay"
"chisel:hardenedclayextra","Hardened Clay"
"chisel:ice","Ice"
"chisel:ice1","Ice"
"chisel:ice2","Ice"
"chisel:icepillar","Ice Pillar"
"chisel:iron","Block of Iron"
"chisel:ironpane","Iron Bars (WIP!)"
"chisel:laboratory","Laboratory Block"
"chisel:lapis","Lapis Lazuli Block"
"chisel:lavastone","Lavastone"
"chisel:lavastone1","Lavastone"
"chisel:lavastone2","Lavastone"
"chisel:limestone","Limestone"
"chisel:limestone1","Limestone"
"chisel:limestoneextra","Limestone"
"chisel:marble","Marble"
"chisel:marble1","Marble"
"chisel:marbleextra","Marble"
"chisel:marblepillar","Marble Pillar"
"chisel:netherbrick","Nether Bricks"
"chisel:netherrack","Netherrack"
"chisel:obsidian","Obsidian"
"chisel:paper","Paper Wall"
"chisel:planks-acacia","Acacia Planks"
"chisel:planks-birch","Birch Planks"
"chisel:planks-dark-oak","Dark Oak Planks"
"chisel:planks-jungle","Jungle Planks"
"chisel:planks-oak","Oak Planks"
"chisel:planks-spruce","Spruce Planks"
"chisel:prismarine","Prismarine"
"chisel:prismarine1","Prismarine"
"chisel:prismarineextra","Prismarine"
"chisel:purpur","Purpur Block"
"chisel:purpur1","Purpur Block"
"chisel:purpurextra","Purpur Block"
"chisel:quartz","Block of Quartz"
"chisel:quartz1","Block of Quartz"
"chisel:redstone","Block of Redstone"
"chisel:redstone1","Block of Redstone"
"chisel:sandstone-scribbles","Sandstone Scribbles"
"chisel:sandstonered","Red Sandstone"
"chisel:sandstonered1","Red Sandstone"
"chisel:sandstoneredextra","Red Sandstone"
"chisel:sandstoneyellow","Sandstone"
"chisel:sandstoneyellow1","Sandstone"
"chisel:sandstoneyellowextra","Sandstone"
"chisel:stonebrick","Chiseled Stone"
"chisel:stonebrick1","Chiseled Stone"
"chisel:stonebrickextra","Chiseled Stone"
"chisel:technical","Factory Block"
"chisel:technical1","Factory Block"
"chisel:technicalNew","Factory Block"
"chisel:temple","Temple Block"
"chisel:templemossy","Mossy Temple Block"
"chisel:tyrian","Tyrian"
"chisel:valentines","Valentines' Block"
"chisel:voidstone","Voidstone"
"chisel:voidstoneRunic","Runed Voidstone"
"chisel:waterstone","Waterstone"
"chisel:waterstone1","Waterstone"
"chisel:waterstone2","Waterstone"
"chisel:wool_black","Black Wool"
"chisel:wool_blue","Blue Wool"
"chisel:wool_brown","Brown Wool"
"chisel:wool_cyan","Cyan Wool"
"chisel:wool_gray","Gray Wool"
"chisel:wool_green","Green Wool"
"chisel:wool_lightblue","Light Blue Wool"
"chisel:wool_lightgray","Light Gray Wool"
"chisel:wool_lime","Lime Wool"
"chisel:wool_magenta","Magenta Wool"
"chisel:wool_orange","Orange Wool"
"chisel:wool_pink","Pink Wool"
"chisel:wool_purple","Purple Wool"
"chisel:wool_red","Red Wool"
"chisel:wool_white","Wool"
"chisel:wool_yellow","Yellow Wool"
"cookingforblockheads:cookingTable","Cooking Table"
"cookingforblockheads:counter","Kitchen Counter"
"cookingforblockheads:cowJar","Cow in a Jar"
"cookingforblockheads:fridge","Fridge"
"cookingforblockheads:milkJar","Milk Jar"
"cookingforblockheads:oven","Oven"
"cookingforblockheads:sink","Sink"
"cookingforblockheads:spiceRack","Spice Rack"
"cookingforblockheads:toaster","Toaster"
"cookingforblockheads:toolRack","Tool Rack"
"coralreef:coral","tile.coral.name"
"coralreef:reef","tile.reef.name"
"davincisvessels:anchorPoint","Anchor Point"
"davincisvessels:balloon","Air Balloon"
"davincisvessels:buffer","Shore Buffer"
"davincisvessels:crate_wood","Wooden Crate"
"davincisvessels:engine","Steam Engine"
"davincisvessels:floater","Floater"
"davincisvessels:gauge","Measurement Gauges"
"davincisvessels:marker","Ship's Helm"
"davincisvessels:seat","Passenger Seat"
"davincisvessels:securedBed","tile.davincis.securedBed.name"
"davincisvessels:stickyBuffer","Sticky Buffer"
"deepresonance:crystalizer","Crystalizer"
"deepresonance:debug_block","tile.deepresonance_debug_block.name"
"deepresonance:dense_glass","Dense Glass"
"deepresonance:dense_obsidian","Dense Obsidian"
"deepresonance:energy_collector","Energy Collector"
"deepresonance:generator","Generator"
"deepresonance:generator_controller","Generator Controller"
"deepresonance:laser","Infusing Laser"
"deepresonance:lens","Lens"
"deepresonance:machine_frame","Resonating Machine Frame"
"deepresonance:pedestal","Pedestal"
"deepresonance:poisoned_dirt","Poisoned Dirt"
"deepresonance:purifier","Purifier"
"deepresonance:resonating_block","Resonating Plate Block"
"deepresonance:resonating_crystal","Resonating Crystal"
"deepresonance:resonating_ore","Resonating Ore"
"deepresonance:smelter","Smelter"
"deepresonance:tank","Tank"
"deepresonance:valve","Valve"
"dimensionalcontrol:dimensional_portal","tile.dimensional_portal.name"
"draconicevolution:celestial_manipulator","Celestial Manipulator"
"draconicevolution:chaos_crystal","Chaos Crystal"
"draconicevolution:chaos_shard_atmos","tile.draconicevolution:chaos_shard_atmos.name"
"draconicevolution:crafting_pedestal","tile.draconicevolution:crafting_pedestal.name"
"draconicevolution:creative_rf_source","Creative RF Source"
"draconicevolution:dislocator_pedestal","Dislocator Pedestal"
"draconicevolution:dislocator_receptacle","Dislocator Receptacle"
"draconicevolution:diss_enchanter","Disenchanter"
"draconicevolution:draconic_block","Awakened Draconium Block"
"draconicevolution:draconic_spawner","Stabilized Mob Spawner"
"draconicevolution:draconium_block","tile.draconicevolution:draconium_block.name"
"draconicevolution:draconium_chest","Draconium Chest"
"draconicevolution:draconium_ore","tile.draconicevolution:draconium_ore.name"
"draconicevolution:energy_crystal","tile.draconicevolution:energy_crystal.name"
"draconicevolution:energy_infuser","Energy Infuser"
"draconicevolution:energy_pylon","Energy Pylon"
"draconicevolution:energy_storage_core","Energy Core"
"draconicevolution:entity_detector","Entity Detector"
"draconicevolution:flow_gate","tile.draconicevolution:flow_gate.name"
"draconicevolution:fusion_crafting_core","Fusion Crafting Core"
"draconicevolution:generator","Generator"
"draconicevolution:grinder","Mob Grinder"
"draconicevolution:infused_obsidian","Draconium Infused Obsidian"
"draconicevolution:invis_e_core_block","tile.draconicevolution:invis_e_core_block.name"
"draconicevolution:particle_generator","tile.draconicevolution:particle_generator.name"
"draconicevolution:placed_item","tile.draconicevolution:placed_item.name"
"draconicevolution:portal","Portal"
"draconicevolution:potentiometer","Potentiometer"
"draconicevolution:rain_sensor","Rain Sensor"
"draconicevolution:reactor_component","tile.draconicevolution:reactor_component.name"
"draconicevolution:reactor_core","Draconic Reactor Core"
"elevatorid:elevator_black","Black Elevator"
"elevatorid:elevator_blue","Blue Elevator"
"elevatorid:elevator_brown","Brown Elevator"
"elevatorid:elevator_cyan","Cyan Elevator"
"elevatorid:elevator_gray","Gray Elevator"
"elevatorid:elevator_green","Green Elevator"
"elevatorid:elevator_light_blue","Light Blue Elevator"
"elevatorid:elevator_lime","Lime Elevator"
"elevatorid:elevator_magenta","Magenta Elevator"
"elevatorid:elevator_orange","Orange Elevator"
"elevatorid:elevator_pink","Pink Elevator"
"elevatorid:elevator_purple","Purple Elevator"
"elevatorid:elevator_red","Red Elevator"
"elevatorid:elevator_silver","Light Gray Elevator"
"elevatorid:elevator_white","White Elevator"
"elevatorid:elevator_yellow","Yellow Elevator"
"enderio:blockAlloySmelter","Alloy Smelter"
"enderio:blockAttractor","Attractor Obelisk"
"enderio:blockBuffer","tile.blockBuffer.name"
"enderio:blockCapBank","tile.blockCapBank.name"
"enderio:blockCloud_seed","Cloud Seed"
"enderio:blockCloud_seed_concentrated","Concentrated Cloud Seed"
"enderio:blockColdFire","tile.blockColdFire.name"
"enderio:blockCombustionGenerator","Combustion Generator"
"enderio:blockConductiveiron","tile.fluid.conductiveiron.name"
"enderio:blockConduitBundle","Conduit Connector"
"enderio:blockCrafter","Crafter"
"enderio:blockDarkIronBars","Dark Iron Bars"
"enderio:blockDarkSteelAnvil","tile.blockDarkSteelAnvil.name"
"enderio:blockDarkSteelLadder","Dark Steel Ladder"
"enderio:blockDarkSteelTrapdoor","Dark Steel Trapdoor"
"enderio:blockDarksteel","tile.fluid.darksteel.name"
"enderio:blockDecoration1","tile.blockDecoration1.name"
"enderio:blockDecoration2","tile.blockDecoration2.name"
"enderio:blockDialingDevice","Dialing Device"
"enderio:blockElectricLight","tile.blockElectricLight.name"
"enderio:blockElectricalsteel","tile.fluid.electricalsteel.name"
"enderio:blockEnchanter","Enchanter"
"enderio:blockEnder_distillation","Dew of the Void"
"enderio:blockEndermanSkull","Enderman Skull"
"enderio:blockEnergeticalloy","tile.fluid.energeticalloy.name"
"enderio:blockExitRail","Exit Rail"
"enderio:blockExperienceObelisk","Experience Obelisk"
"enderio:blockFarmStation","Farming Station"
"enderio:blockFire_water","Fire Water"
"enderio:blockFusedQuartz","Fused Quartz"
"enderio:blockFusedQuartz_darkFusedGlass","tile.blockFusedQuartz_darkFusedGlass.name"
"enderio:blockFusedQuartz_darkFusedQuartz","tile.blockFusedQuartz_darkFusedQuartz.name"
"enderio:blockFusedQuartz_enlightenedFusedGlass","tile.blockFusedQuartz_enlightenedFusedGlass.name"
"enderio:blockFusedQuartz_enlightenedFusedQuartz","tile.blockFusedQuartz_enlightenedFusedQuartz.name"
"enderio:blockFusedQuartz_fusedGlass","tile.blockFusedQuartz_fusedGlass.name"
"enderio:blockFusedQuartz_fusedQuartz","tile.blockFusedQuartz_fusedQuartz.name"
"enderio:blockGauge","RF Gauge"
"enderio:blockHootch","Hootch"
"enderio:blockIngotStorage","Ingot Storage"
"enderio:blockInhibitorObelisk","Inhibitor Obelisk"
"enderio:blockInventoryChest","tile.blockInventoryChest.name"
"enderio:blockInventoryPanel","Inventory Panel"
"enderio:blockInventoryPanelSensor","Inventory Sensor"
"enderio:blockKillerJoe","Killer Joe"
"enderio:blockLightNode","tile.blockLightNode.name"
"enderio:blockLiquid_sunshine","Liquid Sunshine"
"enderio:blockNutrient_distillation","Nutrient Distillation"
"enderio:blockPaintedCarpet","Painted Carpet"
"enderio:blockPaintedDarkSteelTrapdoor","Painted Dark Steel Trapdoor"
"enderio:blockPaintedDoubleSlab","Painted Slab"
"enderio:blockPaintedFence","Painted Fence"
"enderio:blockPaintedFenceGate","Painted Gate"
"enderio:blockPaintedFusedQuartz","tile.blockPaintedFusedQuartz.name"
"enderio:blockPaintedGlowstone","Painted Glowstone"
"enderio:blockPaintedGlowstoneSolid","Painted Glowstone"
"enderio:blockPaintedIronTrapdoor","Painted Iron Trapdoor"
"enderio:blockPaintedPressurePlate","tile.blockPaintedPressurePlate.name"
"enderio:blockPaintedRedstone","Painted Redstone"
"enderio:blockPaintedRedstoneSolid","Painted Redstone"
"enderio:blockPaintedSlab","Painted Slab"
"enderio:blockPaintedStair","Painted Stairs"
"enderio:blockPaintedStone","Painted Cobblestone"
"enderio:blockPaintedStoneDoubleSlab","Painted Stone Slab"
"enderio:blockPaintedStoneFence","Painted Stone Fence"
"enderio:blockPaintedStoneSlab","Painted Stone Slab"
"enderio:blockPaintedStoneStair","Painted Stone Stairs"
"enderio:blockPaintedWall","Painted Wall"
"enderio:blockPaintedWoodenTrapdoor","Painted Wooden Trapdoor"
"enderio:blockPainter","Painting Machine"
"enderio:blockPowerMonitor","Power Monitor"
"enderio:blockPowerMonitorv2","Graphical Power Monitor"
"enderio:blockPoweredSpawner","Powered Spawner"
"enderio:blockPulsatingiron","tile.fluid.pulsatingiron.name"
"enderio:blockRedstonealloy","tile.fluid.redstonealloy.name"
"enderio:blockReinforcedObsidian","Reinforced Obsidian"
"enderio:blockReservoir","Reservoir"
"enderio:blockRocket_fuel","Rocket Fuel"
"enderio:blockSagMill","SAG Mill"
"enderio:blockSelfResettingLever10","Self-resetting Lever (10 seconds)"
"enderio:blockSelfResettingLever30","Self-resetting Lever (30 seconds)"
"enderio:blockSelfResettingLever300","Self-resetting Lever (5 Minutes)"
"enderio:blockSelfResettingLever60","Self-resetting Lever (1 Minute)"
"enderio:blockSliceAndSplice","Slice'N'Splice"
"enderio:blockSolarPanel","Photovoltaic Cell"
"enderio:blockSoulBinder","Soul Binder"
"enderio:blockSoularium","tile.fluid.soularium.name"
"enderio:blockSpawnGuard","Aversion Obelisk"
"enderio:blockSpawnRelocator","Relocator Obelisk"
"enderio:blockStirlingGenerator","Stirling Generator"
"enderio:blockTank","Fluid Tank"
"enderio:blockTelePad","Telepad Block"
"enderio:blockTransceiver","Dimensional Transceiver"
"enderio:blockTravelAnchor","Travel Anchor"
"enderio:blockVacuumChest","Vacuum Chest"
"enderio:blockVapor_of_levity","tile.fluid.vapor_of_levity.name"
"enderio:blockVat","The Vat"
"enderio:blockVibrantalloy","tile.fluid.vibrantalloy.name"
"enderio:blockWeatherObelisk","Weather Obelisk"
"enderio:blockWirelessCharger","Wireless Charger"
"enderio:blockXPVacuum","XP Vacuum"
"enderio:blockZombieGenerator","Zombie Generator"
"enderio:block_detector_block","Block Detector"
"enderio:block_detector_block_silent","Block Detector (Silent)"
"enderio:fluidEnder","tile.fluid.ender.name"
"enderio:fluidGlowstone","tile.fluid.glowstone.name"
"enderio:fluidRedstone","tile.fluid.redstone.name"
"enderio:machineBase","tile.machineBase.name"
"enderio:machineIO","tile.machineIO.name"
"forestry:alveary.fan","Alveary Fan"
"forestry:alveary.heater","Alveary Heater"
"forestry:alveary.hygro","Alveary Hygroregulator"
"forestry:alveary.plain","Alveary"
"forestry:alveary.sieve","Alveary Sieve"
"forestry:alveary.stabiliser","Alveary Stabiliser"
"forestry:alveary.swarmer","Alveary Swarmer"
"forestry:analyzer","Analyzer"
"forestry:apiary","Apiary"
"forestry:bee_chest","Apiarist's Chest"
"forestry:bee_house","Bee House"
"forestry:beehives","tile.for.beehives.name"
"forestry:bogEarth","tile.for.bogEarth.name"
"forestry:bottler","Bottler"
"forestry:butterfly_chest","Lepidopterist's Chest"
"forestry:candle","tile.for.candle.name"
"forestry:carpenter","Carpenter"
"forestry:centrifuge","Centrifuge"
"forestry:cocoon","tile.for.cocoon.name"
"forestry:cocoon.solid","tile.for.cocoon.solid.name"
"forestry:doors.acacia","item.for.doors.acacia.name"
"forestry:doors.balsa","item.for.doors.balsa.name"
"forestry:doors.baobab","item.for.doors.baobab.name"
"forestry:doors.cherry","item.for.doors.cherry.name"
"forestry:doors.chestnut","item.for.doors.chestnut.name"
"forestry:doors.citrus","item.for.doors.citrus.name"
"forestry:doors.cocobolo","item.for.doors.cocobolo.name"
"forestry:doors.ebony","item.for.doors.ebony.name"
"forestry:doors.giganteum","item.for.doors.giganteum.name"
"forestry:doors.greenheart","item.for.doors.greenheart.name"
"forestry:doors.ipe","item.for.doors.ipe.name"
"forestry:doors.kapok","item.for.doors.kapok.name"
"forestry:doors.larch","item.for.doors.larch.name"
"forestry:doors.lime","item.for.doors.lime.name"
"forestry:doors.mahoe","item.for.doors.mahoe.name"
"forestry:doors.mahogany","item.for.doors.mahogany.name"
"forestry:doors.maple","item.for.doors.maple.name"
"forestry:doors.padauk","item.for.doors.padauk.name"
"forestry:doors.palm","item.for.doors.palm.name"
"forestry:doors.papaya","item.for.doors.papaya.name"
"forestry:doors.pine","item.for.doors.pine.name"
"forestry:doors.plum","item.for.doors.plum.name"
"forestry:doors.poplar","item.for.doors.poplar.name"
"forestry:doors.sequoia","item.for.doors.sequoia.name"
"forestry:doors.teak","item.for.doors.teak.name"
"forestry:doors.walnut","item.for.doors.walnut.name"
"forestry:doors.wenge","item.for.doors.wenge.name"
"forestry:doors.willow","item.for.doors.willow.name"
"forestry:doors.zebrawood","item.for.doors.zebrawood.name"
"forestry:engine_biogas","Biogas Engine"
"forestry:engine_clockwork","Clockwork Engine"
"forestry:engine_peat","Peat-fired Engine"
"forestry:escritoire","Escritoire"
"forestry:fabricator","Thermionic Fabricator"
"forestry:fence.gates.acacia","tile.for.fence.gates.acacia.name"
"forestry:fence.gates.balsa","tile.for.fence.gates.balsa.name"
"forestry:fence.gates.baobab","tile.for.fence.gates.baobab.name"
"forestry:fence.gates.cherry","tile.for.fence.gates.cherry.name"
"forestry:fence.gates.chestnut","tile.for.fence.gates.chestnut.name"
"forestry:fence.gates.citrus","tile.for.fence.gates.citrus.name"
"forestry:fence.gates.cocobolo","tile.for.fence.gates.cocobolo.name"
"forestry:fence.gates.ebony","tile.for.fence.gates.ebony.name"
"forestry:fence.gates.fireproof.acacia","tile.for.fence.gates.fireproof.acacia.name"
"forestry:fence.gates.fireproof.balsa","tile.for.fence.gates.fireproof.balsa.name"
"forestry:fence.gates.fireproof.baobab","tile.for.fence.gates.fireproof.baobab.name"
"forestry:fence.gates.fireproof.cherry","tile.for.fence.gates.fireproof.cherry.name"
"forestry:fence.gates.fireproof.chestnut","tile.for.fence.gates.fireproof.chestnut.name"
"forestry:fence.gates.fireproof.citrus","tile.for.fence.gates.fireproof.citrus.name"
"forestry:fence.gates.fireproof.cocobolo","tile.for.fence.gates.fireproof.cocobolo.name"
"forestry:fence.gates.fireproof.ebony","tile.for.fence.gates.fireproof.ebony.name"
"forestry:fence.gates.fireproof.giganteum","tile.for.fence.gates.fireproof.giganteum.name"
"forestry:fence.gates.fireproof.greenheart","tile.for.fence.gates.fireproof.greenheart.name"
"forestry:fence.gates.fireproof.ipe","tile.for.fence.gates.fireproof.ipe.name"
"forestry:fence.gates.fireproof.kapok","tile.for.fence.gates.fireproof.kapok.name"
"forestry:fence.gates.fireproof.larch","tile.for.fence.gates.fireproof.larch.name"
"forestry:fence.gates.fireproof.lime","tile.for.fence.gates.fireproof.lime.name"
"forestry:fence.gates.fireproof.mahoe","tile.for.fence.gates.fireproof.mahoe.name"
"forestry:fence.gates.fireproof.mahogany","tile.for.fence.gates.fireproof.mahogany.name"
"forestry:fence.gates.fireproof.maple","tile.for.fence.gates.fireproof.maple.name"
"forestry:fence.gates.fireproof.padauk","tile.for.fence.gates.fireproof.padauk.name"
"forestry:fence.gates.fireproof.palm","tile.for.fence.gates.fireproof.palm.name"
"forestry:fence.gates.fireproof.papaya","tile.for.fence.gates.fireproof.papaya.name"
"forestry:fence.gates.fireproof.pine","tile.for.fence.gates.fireproof.pine.name"
"forestry:fence.gates.fireproof.plum","tile.for.fence.gates.fireproof.plum.name"
"forestry:fence.gates.fireproof.poplar","tile.for.fence.gates.fireproof.poplar.name"
"forestry:fence.gates.fireproof.sequoia","tile.for.fence.gates.fireproof.sequoia.name"
"forestry:fence.gates.fireproof.teak","tile.for.fence.gates.fireproof.teak.name"
"forestry:fence.gates.fireproof.walnut","tile.for.fence.gates.fireproof.walnut.name"
"forestry:fence.gates.fireproof.wenge","tile.for.fence.gates.fireproof.wenge.name"
"forestry:fence.gates.fireproof.willow","tile.for.fence.gates.fireproof.willow.name"
"forestry:fence.gates.fireproof.zebrawood","tile.for.fence.gates.fireproof.zebrawood.name"
"forestry:fence.gates.giganteum","tile.for.fence.gates.giganteum.name"
"forestry:fence.gates.greenheart","tile.for.fence.gates.greenheart.name"
"forestry:fence.gates.ipe","tile.for.fence.gates.ipe.name"
"forestry:fence.gates.kapok","tile.for.fence.gates.kapok.name"
"forestry:fence.gates.larch","tile.for.fence.gates.larch.name"
"forestry:fence.gates.lime","tile.for.fence.gates.lime.name"
"forestry:fence.gates.mahoe","tile.for.fence.gates.mahoe.name"
"forestry:fence.gates.mahogany","tile.for.fence.gates.mahogany.name"
"forestry:fence.gates.maple","tile.for.fence.gates.maple.name"
"forestry:fence.gates.padauk","tile.for.fence.gates.padauk.name"
"forestry:fence.gates.palm","tile.for.fence.gates.palm.name"
"forestry:fence.gates.papaya","tile.for.fence.gates.papaya.name"
"forestry:fence.gates.pine","tile.for.fence.gates.pine.name"
"forestry:fence.gates.plum","tile.for.fence.gates.plum.name"
"forestry:fence.gates.poplar","tile.for.fence.gates.poplar.name"
"forestry:fence.gates.sequoia","tile.for.fence.gates.sequoia.name"
"forestry:fence.gates.teak","tile.for.fence.gates.teak.name"
"forestry:fence.gates.vanilla.fireproof.acacia","tile.for.fence.gates.vanilla.fireproof.acacia.name"
"forestry:fence.gates.vanilla.fireproof.birch","tile.for.fence.gates.vanilla.fireproof.birch.name"
"forestry:fence.gates.vanilla.fireproof.dark_oak","tile.for.fence.gates.vanilla.fireproof.dark_oak.name"
"forestry:fence.gates.vanilla.fireproof.jungle","tile.for.fence.gates.vanilla.fireproof.jungle.name"
"forestry:fence.gates.vanilla.fireproof.oak","tile.for.fence.gates.vanilla.fireproof.oak.name"
"forestry:fence.gates.vanilla.fireproof.spruce","tile.for.fence.gates.vanilla.fireproof.spruce.name"
"forestry:fence.gates.walnut","tile.for.fence.gates.walnut.name"
"forestry:fence.gates.wenge","tile.for.fence.gates.wenge.name"
"forestry:fence.gates.willow","tile.for.fence.gates.willow.name"
"forestry:fence.gates.zebrawood","tile.for.fence.gates.zebrawood.name"
"forestry:fences.0","tile.for.fences.0.name"
"forestry:fences.1","tile.for.fences.1.name"
"forestry:fences.fireproof.0","tile.for.fences.fireproof.0.name"
"forestry:fences.fireproof.1","tile.for.fences.fireproof.1.name"
"forestry:fences.vanilla.fireproof.0","tile.for.fences.vanilla.fireproof.0.name"
"forestry:fermenter","Fermenter"
"forestry:ffarm","tile.for.ffarm.name"
"forestry:fluid.bio.ethanol","Ethanol"
"forestry:fluid.biomass","Biomass"
"forestry:fluid.for.honey","Honey"
"forestry:fluid.glass","Liquid Glass"
"forestry:fluid.ice","Crushed Ice"
"forestry:fluid.juice","Fruit Juice"
"forestry:fluid.milk","Milk"
"forestry:fluid.seed.oil","Seed Oil"
"forestry:fluid.short.mead","Short Mead"
"forestry:greenhouse.butterfly_hatch","Greenhouse Butterfly Hatch"
"forestry:greenhouse.climate_control","Greenhouse Climate Control"
"forestry:greenhouse.control","Greenhouse Control"
"forestry:greenhouse.door","item.for.greenhouse.door.name"
"forestry:greenhouse.dryer","Greenhouse Dryer"
"forestry:greenhouse.fan","Greenhouse Fan"
"forestry:greenhouse.gearbox","Greenhouse Gearbox"
"forestry:greenhouse.glass","Greenhouse Glass"
"forestry:greenhouse.hatch_input","Greenhouse Input Hatch"
"forestry:greenhouse.hatch_output","Greenhouse Output Hatch"
"forestry:greenhouse.heater","Greenhouse Heater"
"forestry:greenhouse.plain","Greenhouse Block"
"forestry:greenhouse.sprinkler","Greenhouse Sprinkler"
"forestry:greenhouse.valve","Greenhouse Valve"
"forestry:greenhouse.window","Greenhouse Window"
"forestry:greenhouse.window_up","Greenhouse Roof Window"
"forestry:humus","Humus"
"forestry:leaves","tile.for.leaves.name"
"forestry:leaves.decorative.0","tile.for.leaves.decorative.0.name"
"forestry:leaves.decorative.1","tile.for.leaves.decorative.1.name"
"forestry:leaves.decorative.2","tile.for.leaves.decorative.2.name"
"forestry:logs.0","tile.for.logs.0.name"
"forestry:logs.1","tile.for.logs.1.name"
"forestry:logs.2","tile.for.logs.2.name"
"forestry:logs.3","tile.for.logs.3.name"
"forestry:logs.4","tile.for.logs.4.name"
"forestry:logs.5","tile.for.logs.5.name"
"forestry:logs.6","tile.for.logs.6.name"
"forestry:logs.7","tile.for.logs.7.name"
"forestry:logs.fireproof.0","tile.for.logs.fireproof.0.name"
"forestry:logs.fireproof.1","tile.for.logs.fireproof.1.name"
"forestry:logs.fireproof.2","tile.for.logs.fireproof.2.name"
"forestry:logs.fireproof.3","tile.for.logs.fireproof.3.name"
"forestry:logs.fireproof.4","tile.for.logs.fireproof.4.name"
"forestry:logs.fireproof.5","tile.for.logs.fireproof.5.name"
"forestry:logs.fireproof.6","tile.for.logs.fireproof.6.name"
"forestry:logs.fireproof.7","tile.for.logs.fireproof.7.name"
"forestry:logs.vanilla.fireproof.0","tile.for.logs.vanilla.fireproof.0.name"
"forestry:logs.vanilla.fireproof.1","tile.for.logs.vanilla.fireproof.1.name"
"forestry:mailbox","Mailbox"
"forestry:moistener","Moistener"
"forestry:mushroom","tile.for.mushroom.name"
"forestry:pile_ash","Ash Pile"
"forestry:pile_dirt","tile.for.pile_dirt.name"
"forestry:pile_wood","tile.for.pile_wood.name"
"forestry:planks.0","tile.for.planks.0.name"
"forestry:planks.1","tile.for.planks.1.name"
"forestry:planks.fireproof.0","tile.for.planks.fireproof.0.name"
"forestry:planks.fireproof.1","tile.for.planks.fireproof.1.name"
"forestry:planks.vanilla.fireproof.0","tile.for.planks.vanilla.fireproof.0.name"
"forestry:pods.cocoa","tile.for.pods.cocoa.name"
"forestry:pods.dates","tile.for.pods.dates.name"
"forestry:pods.papaya","tile.for.pods.papaya.name"
"forestry:rainmaker","Rainmaker"
"forestry:raintank","Rain Tank"
"forestry:resourceStorage","tile.for.resourceStorage.name"
"forestry:resources","tile.for.resources.name"
"forestry:saplingGE","tile.for.saplingGE.name"
"forestry:slabs.0","tile.for.slabs.0.name"
"forestry:slabs.1","tile.for.slabs.1.name"
"forestry:slabs.2","tile.for.slabs.2.name"
"forestry:slabs.3","tile.for.slabs.3.name"
"forestry:slabs.double.0","tile.for.slabs.double.0.name"
"forestry:slabs.double.1","tile.for.slabs.double.1.name"
"forestry:slabs.double.2","tile.for.slabs.double.2.name"
"forestry:slabs.double.3","tile.for.slabs.double.3.name"
"forestry:slabs.double.fireproof.0","tile.for.slabs.double.fireproof.0.name"
"forestry:slabs.double.fireproof.1","tile.for.slabs.double.fireproof.1.name"
"forestry:slabs.double.fireproof.2","tile.for.slabs.double.fireproof.2.name"
"forestry:slabs.double.fireproof.3","tile.for.slabs.double.fireproof.3.name"
"forestry:slabs.fireproof.0","tile.for.slabs.fireproof.0.name"
"forestry:slabs.fireproof.1","tile.for.slabs.fireproof.1.name"
"forestry:slabs.fireproof.2","tile.for.slabs.fireproof.2.name"
"forestry:slabs.fireproof.3","tile.for.slabs.fireproof.3.name"
"forestry:slabs.vanilla.double.fireproof.0","tile.for.slabs.vanilla.double.fireproof.0.name"
"forestry:slabs.vanilla.fireproof.0","tile.for.slabs.vanilla.fireproof.0.name"
"forestry:squeezer","Squeezer"
"forestry:stairs.acacia","tile.for.stairs.acacia.name"
"forestry:stairs.balsa","tile.for.stairs.balsa.name"
"forestry:stairs.baobab","tile.for.stairs.baobab.name"
"forestry:stairs.cherry","tile.for.stairs.cherry.name"
"forestry:stairs.chestnut","tile.for.stairs.chestnut.name"
"forestry:stairs.citrus","tile.for.stairs.citrus.name"
"forestry:stairs.cocobolo","tile.for.stairs.cocobolo.name"
"forestry:stairs.ebony","tile.for.stairs.ebony.name"
"forestry:stairs.fireproof.acacia","tile.for.stairs.fireproof.acacia.name"
"forestry:stairs.fireproof.balsa","tile.for.stairs.fireproof.balsa.name"
"forestry:stairs.fireproof.baobab","tile.for.stairs.fireproof.baobab.name"
"forestry:stairs.fireproof.cherry","tile.for.stairs.fireproof.cherry.name"
"forestry:stairs.fireproof.chestnut","tile.for.stairs.fireproof.chestnut.name"
"forestry:stairs.fireproof.citrus","tile.for.stairs.fireproof.citrus.name"
"forestry:stairs.fireproof.cocobolo","tile.for.stairs.fireproof.cocobolo.name"
"forestry:stairs.fireproof.ebony","tile.for.stairs.fireproof.ebony.name"
"forestry:stairs.fireproof.giganteum","tile.for.stairs.fireproof.giganteum.name"
"forestry:stairs.fireproof.greenheart","tile.for.stairs.fireproof.greenheart.name"
"forestry:stairs.fireproof.ipe","tile.for.stairs.fireproof.ipe.name"
"forestry:stairs.fireproof.kapok","tile.for.stairs.fireproof.kapok.name"
"forestry:stairs.fireproof.larch","tile.for.stairs.fireproof.larch.name"
"forestry:stairs.fireproof.lime","tile.for.stairs.fireproof.lime.name"
"forestry:stairs.fireproof.mahoe","tile.for.stairs.fireproof.mahoe.name"
"forestry:stairs.fireproof.mahogany","tile.for.stairs.fireproof.mahogany.name"
"forestry:stairs.fireproof.maple","tile.for.stairs.fireproof.maple.name"
"forestry:stairs.fireproof.padauk","tile.for.stairs.fireproof.padauk.name"
"forestry:stairs.fireproof.palm","tile.for.stairs.fireproof.palm.name"
"forestry:stairs.fireproof.papaya","tile.for.stairs.fireproof.papaya.name"
"forestry:stairs.fireproof.pine","tile.for.stairs.fireproof.pine.name"
"forestry:stairs.fireproof.plum","tile.for.stairs.fireproof.plum.name"
"forestry:stairs.fireproof.poplar","tile.for.stairs.fireproof.poplar.name"
"forestry:stairs.fireproof.sequoia","tile.for.stairs.fireproof.sequoia.name"
"forestry:stairs.fireproof.teak","tile.for.stairs.fireproof.teak.name"
"forestry:stairs.fireproof.walnut","tile.for.stairs.fireproof.walnut.name"
"forestry:stairs.fireproof.wenge","tile.for.stairs.fireproof.wenge.name"
"forestry:stairs.fireproof.willow","tile.for.stairs.fireproof.willow.name"
"forestry:stairs.fireproof.zebrawood","tile.for.stairs.fireproof.zebrawood.name"
"forestry:stairs.giganteum","tile.for.stairs.giganteum.name"
"forestry:stairs.greenheart","tile.for.stairs.greenheart.name"
"forestry:stairs.ipe","tile.for.stairs.ipe.name"
"forestry:stairs.kapok","tile.for.stairs.kapok.name"
"forestry:stairs.larch","tile.for.stairs.larch.name"
"forestry:stairs.lime","tile.for.stairs.lime.name"
"forestry:stairs.mahoe","tile.for.stairs.mahoe.name"
"forestry:stairs.mahogany","tile.for.stairs.mahogany.name"
"forestry:stairs.maple","tile.for.stairs.maple.name"
"forestry:stairs.padauk","tile.for.stairs.padauk.name"
"forestry:stairs.palm","tile.for.stairs.palm.name"
"forestry:stairs.papaya","tile.for.stairs.papaya.name"
"forestry:stairs.pine","tile.for.stairs.pine.name"
"forestry:stairs.plum","tile.for.stairs.plum.name"
"forestry:stairs.poplar","tile.for.stairs.poplar.name"
"forestry:stairs.sequoia","tile.for.stairs.sequoia.name"
"forestry:stairs.teak","tile.for.stairs.teak.name"
"forestry:stairs.vanilla.fireproof.acacia","tile.for.stairs.vanilla.fireproof.acacia.name"
"forestry:stairs.vanilla.fireproof.birch","tile.for.stairs.vanilla.fireproof.birch.name"
"forestry:stairs.vanilla.fireproof.dark_oak","tile.for.stairs.vanilla.fireproof.dark_oak.name"
"forestry:stairs.vanilla.fireproof.jungle","tile.for.stairs.vanilla.fireproof.jungle.name"
"forestry:stairs.vanilla.fireproof.oak","tile.for.stairs.vanilla.fireproof.oak.name"
"forestry:stairs.vanilla.fireproof.spruce","tile.for.stairs.vanilla.fireproof.spruce.name"
"forestry:stairs.walnut","tile.for.stairs.walnut.name"
"forestry:stairs.wenge","tile.for.stairs.wenge.name"
"forestry:stairs.willow","tile.for.stairs.willow.name"
"forestry:stairs.zebrawood","tile.for.stairs.zebrawood.name"
"forestry:stamp_collector","Stamp Collector"
"forestry:still","Still"
"forestry:stump","Candle Stump"
"forestry:trade_station","Trade Station"
"forestry:tree_chest","Arborist's Chest"
"forestry:worktable","Worktable"
"gendustry:Extractor","DNA Extractor"
"gendustry:Imprinter","Genetic Imprinter"
"gendustry:IndustrialApiary","Industrial Apiary"
"gendustry:Liquifier","Protein Liquifier"
"gendustry:MutagenProducer","Mutagen Producer"
"gendustry:Mutatron","Mutatron"
"gendustry:MutatronAdv","Advanced Mutatron"
"gendustry:Replicator","Genetic Replicator"
"gendustry:Sampler","Genetic Sampler"
"gendustry:Transposer","Genetic Transposer"
"gendustry:liquiddna","Liquid DNA"
"gendustry:mutagen","Mutagen"
"gendustry:protein","Protein"
"gravestone:gravestone","Gravestone"
"harvestcraft:almond_sapling","Almond Sapling"
"harvestcraft:apiary","Apiary"
"harvestcraft:apple_sapling","Apple Sapling"
"harvestcraft:apricot_sapling","Apricot Sapling"
"harvestcraft:aridgarden","Arid Garden"
"harvestcraft:avocado_sapling","Avocado Sapling"
"harvestcraft:banana_sapling","Banana Sapling"
"harvestcraft:beehive","Beehive"
"harvestcraft:candledeco1","White Candle"
"harvestcraft:candledeco10","Cyan Candle"
"harvestcraft:candledeco11","Purple Candle"
"harvestcraft:candledeco12","Blue Candle"
"harvestcraft:candledeco13","Brown Candle"
"harvestcraft:candledeco14","Green Candle"
"harvestcraft:candledeco15","Red Candle"
"harvestcraft:candledeco16","Black Candle"
"harvestcraft:candledeco2","Orange Candle"
"harvestcraft:candledeco3","Magenta Candle"
"harvestcraft:candledeco4","Light Blue Candle"
"harvestcraft:candledeco5","Yellow Candle"
"harvestcraft:candledeco6","Lime Candle"
"harvestcraft:candledeco7","Pink Candle"
"harvestcraft:candledeco8","Dark Grey Candle"
"harvestcraft:candledeco9","Light Grey Candle"
"harvestcraft:carrotcake","Carrot Cake"
"harvestcraft:cashew_sapling","Cashew Sapling"
"harvestcraft:cheesecake","Cheese Cake"
"harvestcraft:cherry_sapling","Cherry Sapling"
"harvestcraft:cherrycheesecake","Cherry Cheese Cake"
"harvestcraft:chestnut_sapling","Chestnut Sapling"
"harvestcraft:chocolatesprinklecake","Chocolate Sprinkles Cake"
"harvestcraft:cinnamon_sapling","Cinnamon Sapling"
"harvestcraft:coconut_sapling","Coconut Sapling"
"harvestcraft:date_sapling","Date Sapling"
"harvestcraft:dragonfruit_sapling","Dragonfruit Sapling"
"harvestcraft:durian_sapling","Durian Sapling"
"harvestcraft:fig_sapling","Fig Sapling"
"harvestcraft:frostgarden","Frost Garden"
"harvestcraft:gooseberry_sapling","Gooseberry Sapling"
"harvestcraft:grapefruit_sapling","Grapefruit Sapling"
"harvestcraft:groundtrap","Ground Trap"
"harvestcraft:holidaycake","Holiday Cake"
"harvestcraft:honey","Honey Block"
"harvestcraft:honeycomb","Honeycomb Block"
"harvestcraft:lamingtoncake","Lamington"
"harvestcraft:lemon_sapling","Lemon Sapling"
"harvestcraft:lime_sapling","Lime Sapling"
"harvestcraft:mango_sapling","Mango Sapling"
"harvestcraft:maple_sapling","Maple Sapling"
"harvestcraft:market","Market"
"harvestcraft:nutmeg_sapling","Nutmeg Sapling"
"harvestcraft:olive_sapling","Olive Sapling"
"harvestcraft:orange_sapling","Orange Sapling"
"harvestcraft:pamalmond","Almond"
"harvestcraft:pamapple","Apple"
"harvestcraft:pamapricot","Apricot"
"harvestcraft:pamartichokecrop","tile.pamartichokecrop.name"
"harvestcraft:pamasparaguscrop","tile.pamasparaguscrop.name"
"harvestcraft:pamavocado","Avocado"
"harvestcraft:pambambooshootcrop","tile.pambambooshootcrop.name"
"harvestcraft:pambanana","Banana"
"harvestcraft:pambarleycrop","tile.pambarleycrop.name"
"harvestcraft:pambeancrop","tile.pambeancrop.name"
"harvestcraft:pambeetcrop","tile.pambeetcrop.name"
"harvestcraft:pambellpeppercrop","tile.pambellpeppercrop.name"
"harvestcraft:pamblackberrycrop","tile.pamblackberrycrop.name"
"harvestcraft:pamblueberrycrop","tile.pamblueberrycrop.name"
"harvestcraft:pambroccolicrop","tile.pambroccolicrop.name"
"harvestcraft:pambrusselsproutcrop","tile.pambrusselsproutcrop.name"
"harvestcraft:pamcabbagecrop","tile.pamcabbagecrop.name"
"harvestcraft:pamcactusfruitcrop","tile.pamcactusfruitcrop.name"
"harvestcraft:pamcandleberrycrop","tile.pamcandleberrycrop.name"
"harvestcraft:pamcantaloupecrop","tile.pamcantaloupecrop.name"
"harvestcraft:pamcashew","Cashew"
"harvestcraft:pamcauliflowercrop","tile.pamcauliflowercrop.name"
"harvestcraft:pamcelerycrop","tile.pamcelerycrop.name"
"harvestcraft:pamcherry","Cherry"
"harvestcraft:pamchestnut","Chestnut"
"harvestcraft:pamchilipeppercrop","tile.pamchilipeppercrop.name"
"harvestcraft:pamcinnamon","Cinnamon Wood"
"harvestcraft:pamcoconut","Coconut"
"harvestcraft:pamcoffeebeancrop","tile.pamcoffeebeancrop.name"
"harvestcraft:pamcorncrop","tile.pamcorncrop.name"
"harvestcraft:pamcottoncrop","tile.pamcottoncrop.name"
"harvestcraft:pamcranberrycrop","tile.pamcranberrycrop.name"
"harvestcraft:pamcucumbercrop","tile.pamcucumbercrop.name"
"harvestcraft:pamcurryleafcrop","tile.pamcurryleafcrop.name"
"harvestcraft:pamdate","Date"
"harvestcraft:pamdragonfruit","Dragonfruit"
"harvestcraft:pamdurian","Durian"
"harvestcraft:pameggplantcrop","tile.pameggplantcrop.name"
"harvestcraft:pamfig","Fig"
"harvestcraft:pamgarliccrop","tile.pamgarliccrop.name"
"harvestcraft:pamgingercrop","tile.pamgingercrop.name"
"harvestcraft:pamgooseberry","Gooseberry"
"harvestcraft:pamgrapecrop","tile.pamgrapecrop.name"
"harvestcraft:pamgrapefruit","Grapefruit"
"harvestcraft:pamkiwicrop","tile.pamkiwicrop.name"
"harvestcraft:pamleekcrop","tile.pamleekcrop.name"
"harvestcraft:pamlemon","Lemon"
"harvestcraft:pamlettucecrop","tile.pamlettucecrop.name"
"harvestcraft:pamlime","Lime"
"harvestcraft:pammango","Mango"
"harvestcraft:pammaple","Maple Wood"
"harvestcraft:pammustardseedscrop","tile.pammustardseedscrop.name"
"harvestcraft:pamnutmeg","Nutmeg"
"harvestcraft:pamoatscrop","tile.pamoatscrop.name"
"harvestcraft:pamokracrop","tile.pamokracrop.name"
"harvestcraft:pamolive","Olive"
"harvestcraft:pamonioncrop","tile.pamonioncrop.name"
"harvestcraft:pamorange","Orange"
"harvestcraft:pampapaya","Papaya"
"harvestcraft:pampaperbark","Paperbark Wood"
"harvestcraft:pamparsnipcrop","tile.pamparsnipcrop.name"
"harvestcraft:pampeach","Peach"
"harvestcraft:pampeanutcrop","tile.pampeanutcrop.name"
"harvestcraft:pampear","Pear"
"harvestcraft:pampeascrop","tile.pampeascrop.name"
"harvestcraft:pampecan","Pecan"
"harvestcraft:pampeppercorn","Peppercorn"
"harvestcraft:pampersimmon","Persimmon"
"harvestcraft:pampineapplecrop","tile.pampineapplecrop.name"
"harvestcraft:pampistachio","Pistachio"
"harvestcraft:pamplum","Plum"
"harvestcraft:pampomegranate","Pomegranate"
"harvestcraft:pamradishcrop","tile.pamradishcrop.name"
"harvestcraft:pamraspberrycrop","tile.pamraspberrycrop.name"
"harvestcraft:pamrhubarbcrop","tile.pamrhubarbcrop.name"
"harvestcraft:pamricecrop","tile.pamricecrop.name"
"harvestcraft:pamrutabagacrop","tile.pamrutabagacrop.name"
"harvestcraft:pamryecrop","tile.pamryecrop.name"
"harvestcraft:pamscallioncrop","tile.pamscallioncrop.name"
"harvestcraft:pamseaweedcrop","tile.pamseaweedcrop.name"
"harvestcraft:pamsesameseedscrop","tile.pamsesameseedscrop.name"
"harvestcraft:pamsoybeancrop","tile.pamsoybeancrop.name"
"harvestcraft:pamspiceleafcrop","tile.pamspiceleafcrop.name"
"harvestcraft:pamspinachcrop","tile.pamspinachcrop.name"
"harvestcraft:pamstarfruit","Starfruit"
"harvestcraft:pamstrawberrycrop","tile.pamstrawberrycrop.name"
"harvestcraft:pamsweetpotatocrop","tile.pamsweetpotatocrop.name"
"harvestcraft:pamtealeafcrop","tile.pamtealeafcrop.name"
"harvestcraft:pamtomatocrop","tile.pamtomatocrop.name"
"harvestcraft:pamturnipcrop","tile.pamturnipcrop.name"
"harvestcraft:pamvanillabean","Vanilla Bean"
"harvestcraft:pamwalnut","Walnut"
"harvestcraft:pamwaterchestnutcrop","tile.pamwaterchestnutcrop.name"
"harvestcraft:pamwhitemushroomcrop","tile.pamwhitemushroomcrop.name"
"harvestcraft:pamwintersquashcrop","tile.pamwintersquashcrop.name"
"harvestcraft:pamzucchinicrop","tile.pamzucchinicrop.name"
"harvestcraft:papaya_sapling","Papaya Sapling"
"harvestcraft:paperbark_sapling","Paperbark Sapling"
"harvestcraft:pavlovacake","Pavlova"
"harvestcraft:peach_sapling","Peach Sapling"
"harvestcraft:pear_sapling","Pear Sapling"
"harvestcraft:pecan_sapling","Pecan Sapling"
"harvestcraft:peppercorn_sapling","Peppercorn Sapling"
"harvestcraft:persimmon_sapling","Persimmon Sapling"
"harvestcraft:pineappleupsidedowncake","Pineapple Upside Down Cake"
"harvestcraft:pistachio_sapling","Pistachio Sapling"
"harvestcraft:plum_sapling","Plum Sapling"
"harvestcraft:pomegranate_sapling","Pomegranate Sapling"
"harvestcraft:pressedwax","Pressed Wax Block"
"harvestcraft:presser","Presser"
"harvestcraft:pumpkincheesecake","Pumpkin Cheese Cake"
"harvestcraft:redvelvetcake","Red Velvet Cake"
"harvestcraft:shadedgarden","Shaded Garden"
"harvestcraft:shippingbin","Shipping Bin"
"harvestcraft:soggygarden","Soggy Garden"
"harvestcraft:starfruit_sapling","Starfruit Sapling"
"harvestcraft:tropicalgarden","Tropical Garden"
"harvestcraft:vanillabean_sapling","Vanilla Sapling"
"harvestcraft:walnut_sapling","Walnut Sapling"
"harvestcraft:watertrap","Water Trap"
"harvestcraft:waxcomb","Waxcomb Block"
"harvestcraft:well","Well"
"harvestcraft:windygarden","Windy Garden"
"immersiveengineering:clothDevice","tile.immersiveengineering.clothDevice.name"
"immersiveengineering:connector","tile.immersiveengineering.connector.name"
"immersiveengineering:conveyor","tile.immersiveengineering.conveyor.name"
"immersiveengineering:fakeLight","tile.immersiveengineering.fakeLight.name"
"immersiveengineering:fluidBiodiesel","Biodiesel"
"immersiveengineering:fluidConcrete","Liquid Concrete"
"immersiveengineering:fluidCreosote","Creosote Oil"
"immersiveengineering:fluidEthanol","Ethanol"
"immersiveengineering:fluidPlantoil","Plant Oil"
"immersiveengineering:hemp","Industrial Hemp"
"immersiveengineering:metalDecoration0","tile.immersiveengineering.metalDecoration0.name"
"immersiveengineering:metalDecoration1","tile.immersiveengineering.metalDecoration1.name"
"immersiveengineering:metalDecoration2","tile.immersiveengineering.metalDecoration2.name"
"immersiveengineering:metalDevice0","tile.immersiveengineering.metalDevice0.name"
"immersiveengineering:metalDevice1","tile.immersiveengineering.metalDevice1.name"
"immersiveengineering:metalMultiblock","tile.immersiveengineering.metalMultiblock.name"
"immersiveengineering:molten_constantan","Molten Constantan"
"immersiveengineering:molten_uranium","Molten Uranium"
"immersiveengineering:ore","tile.immersiveengineering.ore.name"
"immersiveengineering:sheetmetal","tile.immersiveengineering.sheetmetal.name"
"immersiveengineering:sheetmetalSlab","tile.immersiveengineering.sheetmetalSlab.name"
"immersiveengineering:stoneDecoration","tile.immersiveengineering.stoneDecoration.name"
"immersiveengineering:stoneDecorationSlab","tile.immersiveengineering.stoneDecorationSlab.name"
"immersiveengineering:stoneDecorationStairs_concrete","Concrete Stairs"
"immersiveengineering:stoneDecorationStairs_concrete_leaded","Leaded Concrete Stairs"
"immersiveengineering:stoneDecorationStairs_concrete_tile","Concrete Tile Stairs"
"immersiveengineering:stoneDecorationStairs_hempcrete","Hempcrete Stairs"
"immersiveengineering:stoneDevice","tile.immersiveengineering.stoneDevice.name"
"immersiveengineering:storage","tile.immersiveengineering.storage.name"
"immersiveengineering:storageSlab","tile.immersiveengineering.storageSlab.name"
"immersiveengineering:treatedWood","tile.immersiveengineering.treatedWood.name"
"immersiveengineering:treatedWoodSlab","tile.immersiveengineering.treatedWoodSlab.name"
"immersiveengineering:treatedWoodStairs0","Treated Wood Stairs"
"immersiveengineering:treatedWoodStairs1","Treated Wood Stairs"
"immersiveengineering:treatedWoodStairs2","Treated Wood Stairs"
"immersiveengineering:woodenDecoration","tile.immersiveengineering.woodenDecoration.name"
"immersiveengineering:woodenDevice0","tile.immersiveengineering.woodenDevice0.name"
"immersiveengineering:woodenDevice1","tile.immersiveengineering.woodenDevice1.name"
"libvulpes:advStructureMachine","Advanced Machine Structure"
"libvulpes:advancedMotor","Advanced Motor"
"libvulpes:blockPhantom","tile.blockPhantom.name"
"libvulpes:coalGenerator","Coal Generator"
"libvulpes:coil0","tile.coil.name"
"libvulpes:creativePowerBattery","Creative Power Input Plug"
"libvulpes:eliteMotor","Elite Motor"
"libvulpes:enhancedMotor","Enhanced Motor"
"libvulpes:forgePowerInput","Power Input Plug"
"libvulpes:forgePowerOutput","Power Output Plug"
"libvulpes:hatch","tile.hatch.name"
"libvulpes:metal0","tile.metal.name"
"libvulpes:motor","Motor"
"libvulpes:ore0","tile.ore.name"
"libvulpes:placeHolder","Machine"
"libvulpes:structureMachine","Machine Structure"
"malisisdoors:camoFenceGate","Camo Fence Gate"
"malisisdoors:carriage_door","Carriage Door"
"malisisdoors:curtain_black","Black Curtain"
"malisisdoors:curtain_blue","Blue Curtain"
"malisisdoors:curtain_brown","Brown Curtain"
"malisisdoors:curtain_cyan","Cyan Curtain"
"malisisdoors:curtain_gray","Gray Curtain"
"malisisdoors:curtain_green","Green Curtain"
"malisisdoors:curtain_light_blue","Light Blue Curtain"
"malisisdoors:curtain_lime","Lime Curtain"
"malisisdoors:curtain_magenta","Magenta Curtain"
"malisisdoors:curtain_orange","Orange Curtain"
"malisisdoors:curtain_pink","Pink Curtain"
"malisisdoors:curtain_purple","Purple Curtain"
"malisisdoors:curtain_red","Red Curtain"
"malisisdoors:curtain_silver","SilverCurtain"
"malisisdoors:curtain_white","White Curtain"
"malisisdoors:curtain_yellow","Yellow Curtain"
"malisisdoors:customDoor","item.customDoor.name"
"malisisdoors:door_factory","Door Factory"
"malisisdoors:factory_door","Factory Door"
"malisisdoors:forcefieldDoor","Forcefield"
"malisisdoors:garage_door","Garage Door"
"malisisdoors:hitechdoor","Hi-tech Door"
"malisisdoors:iron_sliding_door","Iron Glass Door"
"malisisdoors:jail_door","Jail Door"
"malisisdoors:laboratory_door","Laboratory Door"
"malisisdoors:medieval_door","Medieval Door"
"malisisdoors:rustyHatch","Rusty Hatch"
"malisisdoors:rustyLadder","Rusty Ladder"
"malisisdoors:saloon","Saloon Door"
"malisisdoors:shoji_door","Shoji Door"
"malisisdoors:sliding_trapdoor","Sliding Trapdoor"
"malisisdoors:trapdoor_acacia","Acacia Trapdoor"
"malisisdoors:trapdoor_birch","Birch Trapdoor"
"malisisdoors:trapdoor_dark_oak","Dark Oak Trapdoor"
"malisisdoors:trapdoor_jungle","Jungle Trapdoor"
"malisisdoors:trapdoor_spruce","Spruce Trapdoor"
"malisisdoors:verticalHatch","Reinforced Door"
"malisisdoors:wood_sliding_door","Wooden Glass Door"
"mcmultipart:multipart","tile.null.name"
"minecraft:acacia_door","Acacia Door"
"minecraft:acacia_fence","Acacia Fence"
"minecraft:acacia_fence_gate","Acacia Fence Gate"
"minecraft:acacia_stairs","Acacia Wood Stairs"
"minecraft:activator_rail","Activator Track"
"minecraft:air","tile.air.name"
"minecraft:anvil","Anvil"
"minecraft:barrier","Barrier"
"minecraft:beacon","Beacon"
"minecraft:bed","Bed"
"minecraft:bedrock","Bedrock"
"minecraft:beetroots","Beetroots"
"minecraft:birch_door","Birch Door"
"minecraft:birch_fence","Birch Fence"
"minecraft:birch_fence_gate","Birch Fence Gate"
"minecraft:birch_stairs","Birch Wood Stairs"
"minecraft:bone_block","Bone Block"
"minecraft:bookshelf","Bookshelf"
"minecraft:brewing_stand","Brewing Stand"
"minecraft:brick_block","Bricks"
"minecraft:brick_stairs","Brick Stairs"
"minecraft:brown_mushroom","Mushroom"
"minecraft:brown_mushroom_block","Mushroom"
"minecraft:cactus","Cactus"
"minecraft:cake","Cake"
"minecraft:carpet","Carpet"
"minecraft:carrots","Carrots"
"minecraft:cauldron","Cauldron"
"minecraft:chain_command_block","Chain Command Block"
"minecraft:chest","Chest"
"minecraft:chorus_flower","Chorus Flower"
"minecraft:chorus_plant","Chorus Plant"
"minecraft:clay","Clay"
"minecraft:coal_block","Block of Coal"
"minecraft:coal_ore","Coal Ore"
"minecraft:cobblestone","Cobblestone"
"minecraft:cobblestone_wall","Cobblestone Wall"
"minecraft:cocoa","Cocoa"
"minecraft:command_block","Command Block"
"minecraft:crafting_table","Crafting Table"
"minecraft:dark_oak_door","Dark Oak Door"
"minecraft:dark_oak_fence","Dark Oak Fence"
"minecraft:dark_oak_fence_gate","Dark Oak Fence Gate"
"minecraft:dark_oak_stairs","Dark Oak Wood Stairs"
"minecraft:daylight_detector","Daylight Sensor"
"minecraft:daylight_detector_inverted","Daylight Sensor"
"minecraft:deadbush","Dead Bush"
"minecraft:detector_rail","Detector Track"
"minecraft:diamond_block","Block of Diamond"
"minecraft:diamond_ore","Diamond Ore"
"minecraft:dirt","Dirt"
"minecraft:dispenser","Dispenser"
"minecraft:double_plant","Plant"
"minecraft:double_stone_slab","Stone Slab"
"minecraft:double_stone_slab2","Red Sandstone Slab"
"minecraft:double_wooden_slab","Wood Slab"
"minecraft:dragon_egg","Dragon Egg"
"minecraft:dropper","Dropper"
"minecraft:emerald_block","Block of Emerald"
"minecraft:emerald_ore","Emerald Ore"
"minecraft:enchanting_table","Enchantment Table"
"minecraft:end_bricks","End Stone Bricks"
"minecraft:end_gateway","tile.null.name"
"minecraft:end_portal","tile.null.name"
"minecraft:end_portal_frame","End Portal"
"minecraft:end_rod","End Rod"
"minecraft:end_stone","End Stone"
"minecraft:ender_chest","Ender Chest"
"minecraft:farmland","Farmland"
"minecraft:fence","Oak Fence"
"minecraft:fence_gate","Oak Fence Gate"
"minecraft:fire","Fire"
"minecraft:flower_pot","Flower Pot"
"minecraft:flowing_lava","Lava"
"minecraft:flowing_water","Water"
"minecraft:frosted_ice","Frosted Ice"
"minecraft:furnace","Furnace"
"minecraft:glass","Glass"
"minecraft:glass_pane","Glass Pane"
"minecraft:glowstone","Glowstone"
"minecraft:gold_block","Block of Gold"
"minecraft:gold_ore","Gold Ore"
"minecraft:golden_rail","Booster Track"
"minecraft:grass","Grass Block"
"minecraft:grass_path","Grass Path"
"minecraft:gravel","Gravel"
"minecraft:hardened_clay","Hardened Clay"
"minecraft:hay_block","Hay Bale"
"minecraft:heavy_weighted_pressure_plate","Weighted Pressure Plate (Heavy)"
"minecraft:hopper","Hopper"
"minecraft:ice","Ice"
"minecraft:iron_bars","Iron Bars"
"minecraft:iron_block","Block of Iron"
"minecraft:iron_door","Iron Door"
"minecraft:iron_ore","Iron Ore"
"minecraft:iron_trapdoor","Iron Trapdoor"
"minecraft:jukebox","Jukebox"
"minecraft:jungle_door","Jungle Door"
"minecraft:jungle_fence","Jungle Fence"
"minecraft:jungle_fence_gate","Jungle Fence Gate"
"minecraft:jungle_stairs","Jungle Wood Stairs"
"minecraft:ladder","Ladder"
"minecraft:lapis_block","Lapis Lazuli Block"
"minecraft:lapis_ore","Lapis Lazuli Ore"
"minecraft:lava","Lava"
"minecraft:leaves","Leaves"
"minecraft:leaves2","Leaves"
"minecraft:lever","Lever"
"minecraft:light_weighted_pressure_plate","Weighted Pressure Plate (Light)"
"minecraft:lit_furnace","Furnace"
"minecraft:lit_pumpkin","Jack o'Lantern"
"minecraft:lit_redstone_lamp","Redstone Lamp"
"minecraft:lit_redstone_ore","Redstone Ore"
"minecraft:log","Wood"
"minecraft:log2","Wood"
"minecraft:magma","Magma Block"
"minecraft:melon_block","Melon"
"minecraft:melon_stem","Pumpkin Stem"
"minecraft:mob_spawner","Monster Spawner"
"minecraft:monster_egg","Stone Monster Egg"
"minecraft:mossy_cobblestone","Moss Stone"
"minecraft:mycelium","Mycelium"
"minecraft:nether_brick","Nether Brick"
"minecraft:nether_brick_fence","Nether Brick Fence"
"minecraft:nether_brick_stairs","Nether Brick Stairs"
"minecraft:nether_wart","Nether Wart"
"minecraft:nether_wart_block","Nether Wart Block"
"minecraft:netherrack","Netherrack"
"minecraft:noteblock","Note Block"
"minecraft:oak_stairs","Oak Wood Stairs"
"minecraft:obsidian","Obsidian"
"minecraft:packed_ice","Packed Ice"
"minecraft:piston","Piston"
"minecraft:piston_extension","tile.null.name"
"minecraft:piston_head","Piston"
"minecraft:planks","Wooden Planks"
"minecraft:portal","Portal"
"minecraft:potatoes","Potatoes"
"minecraft:powered_comparator","Redstone Comparator"
"minecraft:powered_repeater","Redstone Repeater"
"minecraft:prismarine","Prismarine"
"minecraft:pumpkin","Pumpkin"
"minecraft:pumpkin_stem","Pumpkin Stem"
"minecraft:purpur_block","Purpur Block"
"minecraft:purpur_double_slab","Purpur Slab"
"minecraft:purpur_pillar","Purpur Pillar"
"minecraft:purpur_slab","Purpur Slab"
"minecraft:purpur_stairs","Purpur Stairs"
"minecraft:quartz_block","Block of Quartz"
"minecraft:quartz_ore","Nether Quartz Ore"
"minecraft:quartz_stairs","Quartz Stairs"
"minecraft:rail","Track"
"minecraft:red_flower","Flower"
"minecraft:red_mushroom","Mushroom"
"minecraft:red_mushroom_block","Mushroom"
"minecraft:red_nether_brick","Red Nether Brick"
"minecraft:red_sandstone","Red Sandstone"
"minecraft:red_sandstone_stairs","Red Sandstone Stairs"
"minecraft:redstone_block","Block of Redstone"
"minecraft:redstone_lamp","Redstone Lamp"
"minecraft:redstone_ore","Redstone Ore"
"minecraft:redstone_torch","Redstone Torch"
"minecraft:redstone_wire","Redstone Dust"
"minecraft:reeds","Sugar cane"
"minecraft:repeating_command_block","Repeating Command Block"
"minecraft:sand","Sand"
"minecraft:sandstone","Sandstone"
"minecraft:sandstone_stairs","Sandstone Stairs"
"minecraft:sapling","Oak Sapling"
"minecraft:sea_lantern","Sea Lantern"
"minecraft:skull","tile.skull.skeleton.name"
"minecraft:slime","Slime Block"
"minecraft:snow","Snow"
"minecraft:snow_layer","Snow"
"minecraft:soul_sand","Soul Sand"
"minecraft:sponge","Sponge"
"minecraft:spruce_door","Spruce Door"
"minecraft:spruce_fence","Spruce Fence"
"minecraft:spruce_fence_gate","Spruce Fence Gate"
"minecraft:spruce_stairs","Spruce Wood Stairs"
"minecraft:stained_glass","Stained Glass"
"minecraft:stained_glass_pane","Stained Glass Pane"
"minecraft:stained_hardened_clay","Stained Hardened Clay"
"minecraft:standing_banner","White Banner"
"minecraft:standing_sign","Sign"
"minecraft:sticky_piston","Sticky Piston"
"minecraft:stone","Stone"
"minecraft:stone_brick_stairs","Stone Brick Stairs"
"minecraft:stone_button","Button"
"minecraft:stone_pressure_plate","Stone Pressure Plate"
"minecraft:stone_slab","Stone Slab"
"minecraft:stone_slab2","Red Sandstone Slab"
"minecraft:stone_stairs","Cobblestone Stairs"
"minecraft:stonebrick","Stone Bricks"
"minecraft:structure_block","Structure Block"
"minecraft:structure_void","Structure Void"
"minecraft:tallgrass","Grass"
"minecraft:tnt","TNT"
"minecraft:torch","Torch"
"minecraft:trapdoor","Wooden Trapdoor"
"minecraft:trapped_chest","Trapped Chest"
"minecraft:tripwire","Tripwire"
"minecraft:tripwire_hook","Tripwire Hook"
"minecraft:unlit_redstone_torch","Redstone Torch"
"minecraft:unpowered_comparator","Redstone Comparator"
"minecraft:unpowered_repeater","Redstone Repeater"
"minecraft:vine","Vines"
"minecraft:wall_banner","White Banner"
"minecraft:wall_sign","Sign"
"minecraft:water","Water"
"minecraft:waterlily","Lily Pad"
"minecraft:web","Cobweb"
"minecraft:wheat","Crops"
"minecraft:wooden_button","Button"
"minecraft:wooden_door","Oak Door"
"minecraft:wooden_pressure_plate","Wooden Pressure Plate"
"minecraft:wooden_slab","Wood Slab"
"minecraft:wool","Wool"
"minecraft:yellow_flower","Flower"
"morebees:hive","Rock Hive"
"mysticalagriculture:aluminum_brass_crop","Aluminum Brass Crop"
"mysticalagriculture:aluminum_crop","Aluminum Crop"
"mysticalagriculture:apatite_crop","Apatite Crop"
"mysticalagriculture:ardite_crop","Ardite Crop"
"mysticalagriculture:basalt_crop","Basalt Crop"
"mysticalagriculture:base_essence_ingot_block","Base Essence Ingot Block"
"mysticalagriculture:black_quartz_crop","Black Quartz Crop"
"mysticalagriculture:blaze_crop","Blaze Crop"
"mysticalagriculture:brass_crop","Brass Crop"
"mysticalagriculture:bronze_crop","Bronze Crop"
"mysticalagriculture:chicken_crop","Chicken Crop"
"mysticalagriculture:coal_block","tile.ma.coal_block.name"
"mysticalagriculture:coal_crop","Coal Crop"
"mysticalagriculture:cobalt_crop","Cobalt Crop"
"mysticalagriculture:cobbled_soulstone_slab","Cobbled Soulstone Slab"
"mysticalagriculture:cobbled_soulstone_slab_full","tile.ma.cobbled_soulstone_slab_full.name"
"mysticalagriculture:cobbled_soulstone_stairs","Cobbled Soulstone Stairs"
"mysticalagriculture:cobbled_soulstone_wall","tile.ma.cobbled_soulstone_wall.normal.name"
"mysticalagriculture:conductive_iron_crop","Conductive Iron Crop"
"mysticalagriculture:constantan_crop","Constantan Crop"
"mysticalagriculture:copper_crop","Copper Crop"
"mysticalagriculture:cow_crop","Cow Crop"
"mysticalagriculture:creeper_crop","Creeper Crop"
"mysticalagriculture:dark_steel_crop","Dark Steel Crop"
"mysticalagriculture:diamond_crop","Diamond Crop"
"mysticalagriculture:dirt_crop","Dirt Crop"
"mysticalagriculture:draconium_crop","Draconium Crop"
"mysticalagriculture:dye_crop","Dye Crop"
"mysticalagriculture:electrical_steel_crop","Electrical Steel Crop"
"mysticalagriculture:electrum_crop","Electrum Crop"
"mysticalagriculture:emerald_crop","Emerald Crop"
"mysticalagriculture:end_crop","End Crop"
"mysticalagriculture:end_inferium_ore","eEnd Inferium Ore"
"mysticalagriculture:end_prosperity_ore","End Prosperity Ore"
"mysticalagriculture:enderman_crop","Enderman Crop"
"mysticalagriculture:energetic_alloy_crop","Energetic Alloy Crop"
"mysticalagriculture:experience_crop","Experience Crop"
"mysticalagriculture:fire_crop","Fire Crop"
"mysticalagriculture:ghast_crop","Ghast Crop"
"mysticalagriculture:glowstone_crop","Glowstone Crop"
"mysticalagriculture:glowstone_lamp","Glowstone Lamp"
"mysticalagriculture:gold_crop","Gold Crop"
"mysticalagriculture:growth_accelerator","eGrowth Accelerator"
"mysticalagriculture:guardian_crop","Guardian Crop"
"mysticalagriculture:ice_crop","Ice Crop"
"mysticalagriculture:inferium_block","eInferium Block"
"mysticalagriculture:inferium_furnace","eInferium Furnace"
"mysticalagriculture:inferium_furnace_active","eInferium Furnace"
"mysticalagriculture:inferium_ingot_block","eInferium Ingot Block"
"mysticalagriculture:inferium_ore","eInferium Ore"
"mysticalagriculture:intermedium_block","6Intermedium Block"
"mysticalagriculture:intermedium_furnace","6Intermedium Furnace"
"mysticalagriculture:intermedium_furnace_active","6Intermedium Furnace"
"mysticalagriculture:intermedium_ingot_block","6Intermedium Ingot Block"
"mysticalagriculture:invar_crop","Invar Crop"
"mysticalagriculture:iridium_crop","Iridium Crop"
"mysticalagriculture:iron_crop","Iron Crop"
"mysticalagriculture:knightslime_crop","Knightslime Crop"
"mysticalagriculture:lapis_lazuli_crop","Lapis Lazuli Crop"
"mysticalagriculture:lead_crop","Lead Crop"
"mysticalagriculture:limestone_crop","Limestone Crop"
"mysticalagriculture:manyullyn_crop","Manyullyn Crop"
"mysticalagriculture:marble_crop","Marble Crop"
"mysticalagriculture:miners_torch","Miner's Torch"
"mysticalagriculture:mystical_machine_frame","Mystical Machine Frame"
"mysticalagriculture:nature_crop","Nature Crop"
"mysticalagriculture:nether_crop","Nether Crop"
"mysticalagriculture:nether_inferium_ore","eNether Inferium Ore"
"mysticalagriculture:nether_prosperity_ore","Nether Prosperity Ore"
"mysticalagriculture:nether_quartz_crop","Nether Quartz Crop"
"mysticalagriculture:nickel_crop","Nickel Crop"
"mysticalagriculture:obsidian_crop","Obsidian Crop"
"mysticalagriculture:pig_crop","Pig Crop"
"mysticalagriculture:prosperity_block","Prosperity Block"
"mysticalagriculture:prosperity_ore","Prosperity Ore"
"mysticalagriculture:prudentium_block","aPrudentium Block"
"mysticalagriculture:prudentium_furnace","aPrudentium Furnace"
"mysticalagriculture:prudentium_furnace_active","aPrudentium Furnace"
"mysticalagriculture:prudentium_ingot_block","aPrudentium Ingot Block"
"mysticalagriculture:pulsating_iron_crop","Pulsating Iron Crop"
"mysticalagriculture:quartz_enriched_iron_crop","Quartz Enriched Iron Crop"
"mysticalagriculture:rabbit_crop","Rabbit Crop"
"mysticalagriculture:redstone_alloy_crop","Redstone Alloy Crop"
"mysticalagriculture:redstone_crop","Redstone Crop"
"mysticalagriculture:saltpeter_crop","Saltpeter Crop"
"mysticalagriculture:seed_reprocessor","Seed Reprocessor"
"mysticalagriculture:sheep_crop","Sheep Crop"
"mysticalagriculture:silicon_crop","Silicon Crop"
"mysticalagriculture:silver_crop","Silver Crop"
"mysticalagriculture:skeleton_crop","Skeleton Crop"
"mysticalagriculture:slime_crop","Slime Crop"
"mysticalagriculture:soul_glass","Soul Glass"
"mysticalagriculture:soul_glass_pane","Soul Glass Pane"
"mysticalagriculture:soularium_crop","Soularium Crop"
"mysticalagriculture:soulium_ingot_block","dSoulium Ingot Block"
"mysticalagriculture:soulstone","tile.ma.soulstone.name"
"mysticalagriculture:soulstone_brick_slab","Soulstone Brick Slab"
"mysticalagriculture:soulstone_brick_slab_full","tile.ma.soulstone_brick_slab_full.name"
"mysticalagriculture:soulstone_brick_stairs","Soulstone Brick Stairs"
"mysticalagriculture:soulstone_brick_wall","tile.ma.soulstone_brick_wall.normal.name"
"mysticalagriculture:soulstone_slab","Soulstone Slab"
"mysticalagriculture:soulstone_slab_full","tile.ma.soulstone_slab_full.name"
"mysticalagriculture:spider_crop","Spider Crop"
"mysticalagriculture:steel_crop","Steel Crop"
"mysticalagriculture:stone_crop","Stone Crop"
"mysticalagriculture:sulfur_crop","Sulfur Crop"
"mysticalagriculture:superium_block","bSuperium Block"
"mysticalagriculture:superium_furnace","bSuperium Furnace"
"mysticalagriculture:superium_furnace_active","bSuperium Furnace"
"mysticalagriculture:superium_ingot_block","bSuperium Ingot Block"
"mysticalagriculture:supremium_block","cSupremium Block"
"mysticalagriculture:supremium_furnace","cSupremium Furnace"
"mysticalagriculture:supremium_furnace_active","cSupremium Furnace"
"mysticalagriculture:supremium_ingot_block","cSupremium Ingot Block"
"mysticalagriculture:tier1_inferium_crop","Tier 1 Inferium Crop"
"mysticalagriculture:tier2_inferium_crop","Tier 2 Inferium Crop"
"mysticalagriculture:tier3_inferium_crop","Tier 3 Inferium Crop"
"mysticalagriculture:tier4_inferium_crop","Tier 4 Inferium Crop"
"mysticalagriculture:tier5_inferium_crop","Tier 5 Inferium Crop"
"mysticalagriculture:tin_crop","Tin Crop"
"mysticalagriculture:tinkering_table","Tinkering Table"
"mysticalagriculture:titanium_crop","Titanium Crop"
"mysticalagriculture:ultimate_furnace","8Ultimate Furnace"
"mysticalagriculture:ultimate_furnace_active","8Ultimate Furnace"
"mysticalagriculture:uranium_crop","Uranium Crop"
"mysticalagriculture:vibrant_alloy_crop","Vibrant Alloy Crop"
"mysticalagriculture:water_crop","Water Crop"
"mysticalagriculture:wither_skeleton_crop","Wither Skeleton Crop"
"mysticalagriculture:witherproof_block","Witherproof Block"
"mysticalagriculture:witherproof_glass","Witherproof Glass"
"mysticalagriculture:wood_crop","Wood Crop"
"mysticalagriculture:zinc_crop","Zinc Crop"
"mysticalagriculture:zombie_crop","Zombie Crop"
"opencomputers:accessPoint","cAccess Point7"
"opencomputers:adapter","Adapter"
"opencomputers:assembler","Electronics Assembler"
"opencomputers:cable","Cable"
"opencomputers:capacitor","Capacitor"
"opencomputers:carpetedCapacitor","Carpeted Capacitor"
"opencomputers:case1","Computer Case (Tier 1)"
"opencomputers:case2","Computer Case (Tier 2)"
"opencomputers:case3","Computer Case (Tier 3)"
"opencomputers:caseCreative","Computer Case (Creative)"
"opencomputers:chameliumBlock","Block of Chamelium"
"opencomputers:charger","Charger"
"opencomputers:disassembler","Disassembler"
"opencomputers:diskDrive","Disk Drive"
"opencomputers:endstone","End Stone"
"opencomputers:geolyzer","Geolyzer"
"opencomputers:hologram1","Hologram Projector (Tier 1)"
"opencomputers:hologram2","Hologram Projector (Tier 2)"
"opencomputers:keyboard","Keyboard"
"opencomputers:microcontroller","Microcontroller"
"opencomputers:motionSensor","Motion Sensor"
"opencomputers:netSplitter","Net Splitter"
"opencomputers:powerConverter","Power Converter"
"opencomputers:powerDistributor","Power Distributor"
"opencomputers:print","3D Print"
"opencomputers:printer","3D Printer"
"opencomputers:rack","Rack"
"opencomputers:raid","Raid"
"opencomputers:redstone","Redstone I/O"
"opencomputers:relay","Relay"
"opencomputers:robot","Robot.name"
"opencomputers:robotAfterimage","Robot"
"opencomputers:screen1","Screen (Tier 1)"
"opencomputers:screen2","Screen (Tier 2)"
"opencomputers:screen3","Screen (Tier 3)"
"opencomputers:switch","cSwitch7"
"opencomputers:transposer","Transposer"
"opencomputers:waypoint","Waypoint"
"openprinter:filecabinet","Open File Cabinet"
"openprinter:printer","Open Printer"
"openprinter:shredder","Open Shredder"
"powersuits:tile.luxCapacitor","Lux Capacitor"
"powersuits:tile.tinkerTable","Power Armor Tinker Table"
"railcraft:actuator","tile.railcraft.actuator.name"
"railcraft:anvil","tile.railcraft.anvil.name"
"railcraft:brick_abyssal","tile.railcraft.brick.abyssal.name"
"railcraft:brick_andesite","tile.railcraft.brick.andesite.name"
"railcraft:brick_bleachedbone","tile.railcraft.brick.bleachedbone.name"
"railcraft:brick_bloodstained","tile.railcraft.brick.bloodstained.name"
"railcraft:brick_diorite","tile.railcraft.brick.diorite.name"
"railcraft:brick_frostbound","tile.railcraft.brick.frostbound.name"
"railcraft:brick_granite","tile.railcraft.brick.granite.name"
"railcraft:brick_infernal","tile.railcraft.brick.infernal.name"
"railcraft:brick_nether","tile.railcraft.brick.nether.name"
"railcraft:brick_pearlized","tile.railcraft.brick.pearlized.name"
"railcraft:brick_quarried","tile.railcraft.brick.quarried.name"
"railcraft:brick_red_nether","tile.railcraft.brick.red.nether.name"
"railcraft:brick_red_sandy","tile.railcraft.brick.red.sandy.name"
"railcraft:brick_sandy","tile.railcraft.brick.sandy.name"
"railcraft:creosote","Creosote"
"railcraft:detector","tile.railcraft.detector.name"
"railcraft:equipment","tile.railcraft.equipment.name"
"railcraft:generic","tile.railcraft.generic.name"
"railcraft:glass","Strengthened Glass"
"railcraft:logbook","Logbook"
"railcraft:manipulator","tile.railcraft.manipulator.name"
"railcraft:ore","tile.railcraft.ore.name"
"railcraft:ore_magic","tile.railcraft.ore.magic.name"
"railcraft:ore_metal","tile.railcraft.ore.metal.name"
"railcraft:ore_metal_poor","tile.railcraft.ore.metal.poor.name"
"railcraft:post_metal","tile.railcraft.post.metal.name"
"railcraft:post_metal_platform","tile.railcraft.post.metal.platform.name"
"railcraft:ritual","tile.railcraft.ritual.name"
"railcraft:signal","tile.railcraft.signal.name"
"railcraft:signal_box","tile.railcraft.signal.box.name"
"railcraft:signal_dual","tile.railcraft.signal.dual.name"
"railcraft:steam","Steam"
"railcraft:track_elevator","Elevator Track"
"railcraft:track_flex_abandoned","Abandoned Track"
"railcraft:track_flex_high_speed","High Speed Track"
"railcraft:track_flex_reinforced","Reinforced Track"
"railcraft:track_flex_strap_iron","Strap Iron Track"
"railcraft:track_outfitted","tile.railcraft.track.outfitted.name"
"railcraft:worldlogic","Saltpeter Ore Spawner"
"railcraft:worldspike","tile.railcraft.worldspike.name"
"railcraft:worldspike_point","Worldspike Point"
"refinedrelocation:sortingChest","Sorting Chest"
"refinedstorage:cable","Cable"
"refinedstorage:constructor","Constructor"
"refinedstorage:controller","block.refinedstorage:controller.name"
"refinedstorage:crafter","Crafter"
"refinedstorage:crafting_monitor","Crafting Monitor"
"refinedstorage:destructor","Destructor"
"refinedstorage:detector","Detector"
"refinedstorage:disk_drive","Disk Drive"
"refinedstorage:disk_manipulator","Disk Manipulator"
"refinedstorage:exporter","Exporter"
"refinedstorage:external_storage","External Storage"
"refinedstorage:fluid_interface","Fluid Interface"
"refinedstorage:fluid_storage","block.refinedstorage:fluid_storage.name"
"refinedstorage:grid","block.refinedstorage:grid.name"
"refinedstorage:importer","Importer"
"refinedstorage:interface","Interface"
"refinedstorage:machine_casing","Machine Casing"
"refinedstorage:network_receiver","Network Receiver"
"refinedstorage:network_transmitter","Network Transmitter"
"refinedstorage:processing_pattern_encoder","Processing Pattern Encoder"
"refinedstorage:reader","Reader"
"refinedstorage:relay","Relay"
"refinedstorage:solderer","Solderer"
"refinedstorage:storage","block.refinedstorage:storage.name"
"refinedstorage:wireless_transmitter","Wireless Transmitter"
"refinedstorage:writer","Writer"
"rscircuits:update_detector","Block Update Detector"
"shadowmc:structureCreator","Structure Creator"
"storagedrawers:basicDrawers","tile.basicDrawers.name"
"storagedrawers:compDrawers","Compacting Drawer"
"storagedrawers:controller","Drawer Controller"
"storagedrawers:controllerSlave","Controller Slave"
"storagedrawers:customDrawers","tile.customDrawers.name"
"storagedrawers:customTrim","Framed Trim"
"storagedrawers:framingTable","Framing Table"
"storagedrawers:keybutton","tile.keybutton.name"
"storagedrawers:trim","tile.trim.name"
"supercraftingframe:super_breeding_frame","Super Breeding Frame"
"supercraftingframe:super_crafting_frame","Super Crafting Frame"
"supercraftingframe:super_incineration_frame","Super Incineration Frame"
"supercraftingframe:super_item_frame","Super Item Frame"
"supercraftingframe:super_teleportation_frame","Super Teleportation Frame"
"supercraftingframe:super_xp_frame","Super XP Frame"
"taiga:abyssum_block","Abyssum Block"
"taiga:abyssum_ore","Abyssum Ore"
"taiga:adamant_block","Adamant Block"
"taiga:astrium_block","Astrium Block"
"taiga:aurorium_block","Aurorium Block"
"taiga:aurorium_ore","Aurorium Ore"
"taiga:basalt_block","Basalt Block"
"taiga:dilithium_block","Dilithium Block"
"taiga:dilithium_ore","Dilithium Ore"
"taiga:duranite_block","Duranite Block"
"taiga:duranite_ore","Duranite Ore"
"taiga:dyonite_block","Dyonite Block"
"taiga:eezo_block","Eezo Block"
"taiga:eezo_ore","Eezo Ore"
"taiga:fractum_block","Fractum Block"
"taiga:ignitz_block","Ignitz Block"
"taiga:imperomite_block","Imperomite Block"
"taiga:iox_block","Iox Block"
"taiga:jauxum_block","Jauxum Block"
"taiga:jauxum_ore","Jauxum Ore"
"taiga:karmesine_block","Karmesine Block"
"taiga:karmesine_ore","Karmesine Ore"
"taiga:lumix_block","Lumix Block"
"taiga:meteorite_block","Meteorite Block"
"taiga:meteoritecobble_block","Meteorite Cobble Block"
"taiga:molten_abyssum_fluid","Abyssum Fluid"
"taiga:molten_adamant_fluid","Adamant Fluid"
"taiga:molten_astrium_fluid","Astrium Fluid"
"taiga:molten_aurorium_fluid","Aurorium Fluid"
"taiga:molten_basalt_fluid","Basalt Fluid"
"taiga:molten_dilithium_fluid","Dilithium Fluid"
"taiga:molten_duranite_fluid","Duranite Fluid"
"taiga:molten_dyonite_fluid","Dyonite Fluid"
"taiga:molten_eezo_fluid","Eezo Fluid"
"taiga:molten_fractum_fluid","Fractum Fluid"
"taiga:molten_ignitz_fluid","Ignitz Fluid"
"taiga:molten_imperomite_fluid","Imperomite Fluid"
"taiga:molten_iox_fluid","Iox Fluid"
"taiga:molten_jauxum_fluid","Jauxum Fluid"
"taiga:molten_karmesine_fluid","Karmesine Fluid"
"taiga:molten_lumix_fluid","Lumix Fluid"
"taiga:molten_magma_fluid","Magma Fluid"
"taiga:molten_meteorite_fluid","Meteorite Fluid"
"taiga:molten_nihilite_fluid","Nihilite Fluid"
"taiga:molten_niob_fluid","Niob Fluid"
"taiga:molten_nitronite_fluid","Nitronite Fluid"
"taiga:molten_nucleum_fluid","Nucleum Fluid"
"taiga:molten_obsidiorite_fluid","Obsidiorite Fluid"
"taiga:molten_osram_fluid","Osram Fluid"
"taiga:molten_ovium_fluid","Ovium Fluid"
"taiga:molten_palladium_fluid","Palladium Fluid"
"taiga:molten_prometheum_fluid","Prometheum Fluid"
"taiga:molten_proxii_fluid","Proxii Fluid"
"taiga:molten_seismum_fluid","Seismum Fluid"
"taiga:molten_solarium_fluid","Solarium Fluid"
"taiga:molten_terrax_fluid","Terrax Fluid"
"taiga:molten_tiberium_fluid","Tiberium Fluid"
"taiga:molten_triberium_fluid","Triberium Fluid"
"taiga:molten_tritonite_fluid","Tritonite Fluid"
"taiga:molten_uru_fluid","Uru Fluid"
"taiga:molten_valyrium_fluid","Valyrium Fluid"
"taiga:molten_vibranium_fluid","Vibranium Fluid"
"taiga:molten_violium_fluid","Violium Fluid"
"taiga:molten_yrdeen_fluid","Yrdeen Fluid"
"taiga:nihilite_block","Nihilite Block"
"taiga:niob_block","Niob Block"
"taiga:nucleum_block","Nucleum Block"
"taiga:obsidiorite_block","Obsidiorite Block"
"taiga:obsidioritecobble_block","Meteorite Cobble Block"
"taiga:osram_block","Osram Block"
"taiga:osram_ore","Osram Ore"
"taiga:ovium_block","Ovium Block"
"taiga:ovium_ore","Ovium Ore"
"taiga:palladium_block","Palladium Block"
"taiga:palladium_ore","Palladium Ore"
"taiga:prometheum_block","Prometheum Block"
"taiga:prometheum_ore","Prometheum Ore"
"taiga:proxii_block","Proxii Block"
"taiga:seismum_block","Seismum Block"
"taiga:solarium_block","Solarium Block"
"taiga:terrax_block","Terrax Block"
"taiga:tiberium_block","Tiberium Block"
"taiga:tiberium_ore","Tiberium Ore"
"taiga:triberium_block","Triberium Block"
"taiga:tritonite_block","Tritonite Block"
"taiga:uru_block","Uru Block"
"taiga:uru_ore","Uru Ore"
"taiga:valyrium_block","Valyrium Block"
"taiga:valyrium_ore","Valyrium Ore"
"taiga:vibranium_block","Vibranium Block"
"taiga:vibranium_ore","Vibranium Ore"
"taiga:violium_block","Violium Block"
"taiga:yrdeen_block","Yrdeen Block"
"tconstruct:blood","Blood"
"tconstruct:blueslime","Liquid Blue Slime"
"tconstruct:brownstone","tile.tconstruct.brownstone.name"
"tconstruct:brownstone_slab","tile.tconstruct.brownstone_slab.name"
"tconstruct:brownstone_slab2","tile.tconstruct.brownstone_slab2.name"
"tconstruct:brownstone_stairs_brick","Brownstone Bricks Stairs"
"tconstruct:brownstone_stairs_brick_cracked","Cracked Brownstone Bricks Stairs"
"tconstruct:brownstone_stairs_brick_fancy","Fancy Brownstone Bricks Stairs"
"tconstruct:brownstone_stairs_brick_small","Small Brownstone Bricks Stairs"
"tconstruct:brownstone_stairs_brick_square","Square Brownstone Bricks Stairs"
"tconstruct:brownstone_stairs_brick_triangle","Triangle Brownstone Bricks Stairs"
"tconstruct:brownstone_stairs_creeper","Brownstone Creeperface Stairs"
"tconstruct:brownstone_stairs_paver","Brownstone Paver Stairs"
"tconstruct:brownstone_stairs_road","Brownstone Road Stairs"
"tconstruct:brownstone_stairs_rough","Rough Brownstone Stairs"
"tconstruct:brownstone_stairs_smooth","Smooth Brownstone Stairs"
"tconstruct:brownstone_stairs_tile","Brownstone Tile Stairs"
"tconstruct:casting","tile.tconstruct.casting.name"
"tconstruct:clear_glass","Clear Glass"
"tconstruct:clear_stained_glass","tile.tconstruct.clear_stained_glass.name"
"tconstruct:deco_ground","tile.tconstruct.deco_ground.name"
"tconstruct:deco_ground_slab","tile.tconstruct.deco_ground_slab.name"
"tconstruct:dried_brick_stairs","Dried Bricks Stairs"
"tconstruct:dried_clay","tile.tconstruct.dried_clay.name"
"tconstruct:dried_clay_slab","tile.tconstruct.dried_clay_slab.name"
"tconstruct:dried_clay_stairs","Dried Clay Stairs"
"tconstruct:faucet","Faucet"
"tconstruct:firewood","tile.tconstruct.firewood.name"
"tconstruct:firewood_slab","tile.tconstruct.firewood_slab.name"
"tconstruct:firewood_stairs","Firewood Stairs"
"tconstruct:glow","Glow"
"tconstruct:lavawood_stairs","Lavawood Stairs"
"tconstruct:metal","tile.tconstruct.metal.name"
"tconstruct:milk","fluid.milk.name"
"tconstruct:molten_alubrass","Molten Aluminum Brass"
"tconstruct:molten_aluminum","Molten Aluminum"
"tconstruct:molten_ardite","Molten Ardite"
"tconstruct:molten_brass","Molten Brass"
"tconstruct:molten_bronze","Molten Bronze"
"tconstruct:molten_clay","Molten Clay"
"tconstruct:molten_cobalt","Molten Cobalt"
"tconstruct:molten_copper","Molten Copper"
"tconstruct:molten_dirt","Liquid Dirt"
"tconstruct:molten_electrum","Molten Electrum"
"tconstruct:molten_emerald","Molten Emerald"
"tconstruct:molten_glass","fluid.glass.name"
"tconstruct:molten_gold","Molten Gold"
"tconstruct:molten_iron","Molten Iron"
"tconstruct:molten_knightslime","Molten Knightslime"
"tconstruct:molten_lead","Molten Lead"
"tconstruct:molten_manyullyn","Molten Manyullyn"
"tconstruct:molten_nickel","Molten Nickel"
"tconstruct:molten_obsidian","Molten Obsidian"
"tconstruct:molten_pigiron","Molten Pigiron"
"tconstruct:molten_silver","Molten Silver"
"tconstruct:molten_steel","Molten Steel"
"tconstruct:molten_stone","Seared Stone"
"tconstruct:molten_tin","Molten Tin"
"tconstruct:molten_zinc","Molten Zinc"
"tconstruct:mudbrick_stairs","Mud Bricks Stairs"
"tconstruct:ore","tile.tconstruct.ore.name"
"tconstruct:punji","Punji Sticks"
"tconstruct:purpleslime","Liquid Purple Slime"
"tconstruct:rack","tile.tconstruct.rack.name"
"tconstruct:seared","tile.tconstruct.seared.name"
"tconstruct:seared_furnace_controller","Seared Furnace Controller"
"tconstruct:seared_glass","tile.tconstruct.seared_glass.name"
"tconstruct:seared_slab","tile.tconstruct.seared_slab.name"
"tconstruct:seared_slab2","tile.tconstruct.seared_slab2.name"
"tconstruct:seared_stairs_brick","Seared Bricks Stairs"
"tconstruct:seared_stairs_brick_cracked","Cracked Seared Bricks Stairs"
"tconstruct:seared_stairs_brick_fancy","Fancy Seared Bricks Stairs"
"tconstruct:seared_stairs_brick_small","Small Seared Bricks Stairs"
"tconstruct:seared_stairs_brick_square","Square Seared Bricks Stairs"
"tconstruct:seared_stairs_brick_triangle","Triangle Seared Bricks Stairs"
"tconstruct:seared_stairs_cobble","Seared Cobblestone Stairs"
"tconstruct:seared_stairs_creeper","Seared Creeperface Stairs"
"tconstruct:seared_stairs_paver","Seared Paver Stairs"
"tconstruct:seared_stairs_road","Seared Road Stairs"
"tconstruct:seared_stairs_stone","Seared Stone Stairs"
"tconstruct:seared_stairs_tile","Seared Tile Stairs"
"tconstruct:seared_tank","tile.tconstruct.seared_tank.name"
"tconstruct:slime","tile.tconstruct.slime.name"
"tconstruct:slime_channel","tile.tconstruct.slime_channel.name"
"tconstruct:slime_congealed","tile.tconstruct.slime_congealed.name"
"tconstruct:slime_dirt","tile.tconstruct.slime_dirt.name"
"tconstruct:slime_grass","tile.tconstruct.slime_grass.name"
"tconstruct:slime_grass_tall","tile.tconstruct.slime_grass_tall.name"
"tconstruct:slime_leaves","tile.tconstruct.slime_leaves.name"
"tconstruct:slime_sapling","tile.tconstruct.slime_sapling.oak.name"
"tconstruct:slime_vine_blue","Blue Slimy Vine"
"tconstruct:slime_vine_blue_end","Blue Slimy Vine"
"tconstruct:slime_vine_blue_mid","Blue Slimy Vine"
"tconstruct:slime_vine_purple","Purple Slimy Vine"
"tconstruct:slime_vine_purple_end","Purple Slimy Vine"
"tconstruct:slime_vine_purple_mid","Purple Slimy Vine"
"tconstruct:smeltery_controller","Smeltery Controller"
"tconstruct:smeltery_io","tile.tconstruct.smeltery_io.name"
"tconstruct:soil","tile.tconstruct.soil.name"
"tconstruct:stone_ladder","Stone Ladder"
"tconstruct:stone_torch","Stone Torch"
"tconstruct:tinker_tank_controller","Tinker Tank Controller"
"tconstruct:toolforge","Tool Forge"
"tconstruct:tooltables","tile.tconstruct.tooltables.name"
"tconstruct:wood_rail","Wooden Rail"
"tconstruct:wood_rail_trapdoor","Wooden Rail with a Trapdoor"
"tp:andesite_brick","Andesite Brick"
"tp:blaze_cobblegen_block","Cobblestone Generator Tier 4"
"tp:bone_block","Compressed Bone Block"
"tp:charcoal_block","Charcoal Block"
"tp:cobblegen_block","Cobblestone Generator"
"tp:diamond_cobblegen_block","Cobblestone Generator Tier 3"
"tp:diorite_brick","Diorite Brick"
"tp:dirty_glass","Dirty Glass"
"tp:emerald_cobblegen_block","Cobblestone Generator Tier 5"
"tp:ender_ore","Ender Ore"
"tp:flesh_block","Compressed Flesh Block"
"tp:flint_block","Compressed Flint Block"
"tp:granite_brick","Granite Brick"
"tp:growth_block","Growth Crystal"
"tp:growth_upgrade","Growth Crystal Tier 2"
"tp:growth_upgrade_two","Growth Crystal Tier 3"
"tp:iron_cobblegen_block","Cobblestone Generator Tier 2"
"tp:netherstar_block","Compressed Nether Star Block"
"tp:reinforced_glass","Reinforced Glass"
"tp:reinforced_obsidian","Reinforced Obsidian"
"tp:smooth_endstone","Smooth EndStone"
"tp:withered_block","Withered Bedrock"
"translocator:craftingGrid","Crafting Grid"
"translocator:translocator","tile.translocator.name"

